"Record_ID","Node_ID","Vulnerabilities","Threat","Attack","Risk_Score","Compromised","Number_of_Vulnerabilities","Risk_Level","Current_State"
1,"N190","V1","Insider Threat","Lateral Movement",2.31,0,1,"Low","Propagating"
2,"N109","V10","Malware","Lateral Movement",1.03,0,1,"Low","Propagating"
3,"N051","V9","APT","Lateral Movement",4.55,1,1,"Medium","Propagating"
4,"N179","V3","APT","Privilege Escalation",2.85,0,1,"Low","Compromised"
5,"N025","V10;V2;V7","Insider Threat","Privilege Escalation",6.08,0,3,"High","Propagating"
6,"N142","V1;V2;V7;V9","Insider Threat","Data Exfiltration",6.22,1,4,"High","Propagating"
7,"N170","V1;V2","Ransomware","Privilege Escalation",9.85,0,2,"Critical","Safe"
8,"N072","V7","APT","Data Exfiltration",8.36,0,1,"Critical","Exposed"
9,"N180","V4;V5;V6","Malware","Data Exfiltration",6.39,0,3,"High","Safe"
10,"N070","V7;V8","Ransomware","Data Exfiltration",3.31,0,2,"Medium","Propagating"
11,"N103","V1;V6","Insider Threat","Lateral Movement",2.19,1,2,"Low","Exposed"
12,"N165","V7;V8","APT","Lateral Movement",2.72,0,2,"Low","Safe"
13,"N093","V10;V7;V9","Ransomware","Lateral Movement",5.14,0,3,"Medium","Exposed"
14,"N040","V2","Ransomware","Data Exfiltration",4.28,0,1,"Medium","Safe"
15,"N003","V5;V7;V8;V9","Malware","Data Exfiltration",8.86,1,4,"Critical","Propagating"
16,"N041","V2;V5;V7","APT","Lateral Movement",9.54,1,3,"Critical","Compromised"
17,"N161","V2;V9","Insider Threat","Data Exfiltration",5.13,0,2,"Medium","Compromised"
18,"N139","V3;V6","Malware","Data Exfiltration",3.31,0,2,"Medium","Propagating"
19,"N079","V6","Ransomware","Lateral Movement",2.48,0,1,"Low","Exposed"
20,"N018","V8","Ransomware","Lateral Movement",6.63,0,1,"High","Safe"
21,"N139","V4;V7;V9","Ransomware","Data Exfiltration",3.19,1,3,"Medium","Safe"
22,"N058","V10;V2;V8;V9","Malware","Privilege Escalation",0.31,0,4,"Low","Propagating"
23,"N182","V1;V2","Malware","Lateral Movement",0.77,0,2,"Low","Safe"
24,"N072","V2;V4;V9","APT","Lateral Movement",5.44,1,3,"Medium","Propagating"
25,"N049","V7;V8","Malware","Lateral Movement",6.62,1,2,"High","Safe"
26,"N168","V1;V6;V7;V8","Malware","Lateral Movement",4.09,1,4,"Medium","Exposed"
27,"N050","V4","Ransomware","Data Exfiltration",4.54,1,1,"Medium","Compromised"
28,"N064","V5;V8","Malware","Privilege Escalation",8.1,0,2,"Critical","Exposed"
29,"N004","V9","Malware","Lateral Movement",1.75,1,1,"Low","Safe"
30,"N098","V1;V2;V4;V7","Malware","Privilege Escalation",2.73,1,4,"Low","Recovered"
31,"N040","V7;V8;V9","Ransomware","Privilege Escalation",2.26,0,3,"Low","Propagating"
32,"N015","V6","Malware","Data Exfiltration",4.82,0,1,"Medium","Compromised"
33,"N021","V9","Ransomware","Lateral Movement",5.99,0,1,"Medium","Compromised"
34,"N021","V1;V2;V4;V5","APT","Data Exfiltration",5.88,1,4,"Medium","Propagating"
35,"N068","V10;V4;V6","APT","Lateral Movement",6.75,1,3,"High","Recovered"
36,"N160","V1;V2;V4;V6","Malware","Lateral Movement",5.42,1,4,"Medium","Safe"
37,"N063","V2;V6","Insider Threat","Privilege Escalation",1.66,1,2,"Low","Safe"
38,"N077","V9","Malware","Lateral Movement",2.72,0,1,"Low","Exposed"
39,"N155","V10;V5","Ransomware","Data Exfiltration",3.49,1,2,"Medium","Exposed"
40,"N109","V1;V2;V5;V6","Insider Threat","Lateral Movement",0.14,0,4,"Low","Compromised"
41,"N144","V3;V7;V8","Malware","Lateral Movement",0.84,0,3,"Low","Recovered"
42,"N150","V6","Ransomware","Privilege Escalation",1.36,1,1,"Low","Safe"
43,"N175","V1;V4;V6","Ransomware","Data Exfiltration",1.12,1,3,"Low","Recovered"
44,"N046","V3;V4","APT","Lateral Movement",1.88,1,2,"Low","Recovered"
45,"N180","V3;V4;V5;V7","Malware","Privilege Escalation",8.73,1,4,"Critical","Compromised"
46,"N090","V4;V8","Insider Threat","Lateral Movement",2.31,0,2,"Low","Safe"
47,"N072","V2;V5;V6;V7","Insider Threat","Data Exfiltration",5.14,1,4,"Medium","Propagating"
48,"N067","V2","Ransomware","Data Exfiltration",9.63,1,1,"Critical","Propagating"
49,"N153","V2","APT","Privilege Escalation",7.31,1,1,"High","Compromised"
50,"N148","V10;V2;V4;V9","Ransomware","Privilege Escalation",0.54,1,4,"Low","Safe"
51,"N138","V9","Ransomware","Privilege Escalation",4.37,1,1,"Medium","Recovered"
52,"N171","V2;V5;V9","APT","Privilege Escalation",4.08,1,3,"Medium","Safe"
53,"N171","V4;V7","APT","Data Exfiltration",7.51,0,2,"High","Compromised"
54,"N078","V1;V7;V9","Insider Threat","Lateral Movement",4.36,1,3,"Medium","Safe"
55,"N122","V10;V4;V5;V8","Ransomware","Data Exfiltration",0.94,1,4,"Low","Compromised"
56,"N173","V4","Insider Threat","Lateral Movement",8.08,0,1,"Critical","Compromised"
57,"N063","V1","APT","Data Exfiltration",8.51,0,1,"Critical","Compromised"
58,"N103","V10;V4;V7;V9","Ransomware","Lateral Movement",6.59,0,4,"High","Propagating"
59,"N057","V7","Ransomware","Data Exfiltration",5.23,0,1,"Medium","Propagating"
60,"N035","V2;V8","APT","Data Exfiltration",5.36,1,2,"Medium","Propagating"
61,"N141","V10;V7;V8;V9","APT","Lateral Movement",7.46,1,4,"High","Propagating"
62,"N200","V10;V4;V5;V7","APT","Data Exfiltration",2.47,1,4,"Low","Propagating"
63,"N061","V5","Insider Threat","Privilege Escalation",3.27,0,1,"Medium","Safe"
64,"N099","V3;V4","Ransomware","Data Exfiltration",2.22,1,2,"Low","Safe"
65,"N016","V4;V6;V8;V9","Ransomware","Privilege Escalation",3.96,0,4,"Medium","Safe"
66,"N193","V1;V3;V6;V8","APT","Privilege Escalation",5.43,0,4,"Medium","Exposed"
67,"N008","V10;V4;V5;V7","APT","Privilege Escalation",6.72,1,4,"High","Compromised"
68,"N160","V3;V8","Malware","Privilege Escalation",5.96,0,2,"Medium","Propagating"
69,"N035","V7","APT","Lateral Movement",0.6,1,1,"Low","Recovered"
70,"N087","V4;V6;V8","APT","Privilege Escalation",7.54,1,3,"High","Exposed"
71,"N192","V1;V2;V8","Malware","Privilege Escalation",2.32,0,3,"Low","Exposed"
72,"N064","V1","Ransomware","Lateral Movement",6.25,0,1,"High","Exposed"
73,"N145","V2;V8","Ransomware","Privilege Escalation",7.02,1,2,"High","Propagating"
74,"N200","V10;V2","Ransomware","Privilege Escalation",1.17,0,2,"Low","Safe"
75,"N184","V10;V7;V9","Ransomware","Lateral Movement",5.96,0,3,"Medium","Exposed"
76,"N176","V5","Malware","Data Exfiltration",7.85,1,1,"High","Recovered"
77,"N108","V1;V10;V2;V6","APT","Lateral Movement",4.39,1,4,"Medium","Recovered"
78,"N134","V10;V3;V6;V7","Insider Threat","Data Exfiltration",8.1,1,4,"Critical","Propagating"
79,"N063","V10;V5;V6;V7","Malware","Privilege Escalation",8.83,0,4,"Critical","Safe"
80,"N127","V1;V10;V6;V7","Insider Threat","Lateral Movement",4.93,1,4,"Medium","Safe"
81,"N143","V5;V6;V9","Malware","Data Exfiltration",9.49,0,3,"Critical","Compromised"
82,"N143","V7;V8","Ransomware","Data Exfiltration",4.81,1,2,"Medium","Compromised"
83,"N104","V1;V2;V5;V9","Ransomware","Privilege Escalation",6.67,1,4,"High","Propagating"
84,"N191","V10;V4;V6;V9","Insider Threat","Privilege Escalation",7.06,1,4,"High","Compromised"
85,"N185","V2;V4;V5","Ransomware","Privilege Escalation",1.28,0,3,"Low","Safe"
86,"N071","V4;V8","Insider Threat","Lateral Movement",8.34,1,2,"Critical","Propagating"
87,"N078","V3;V6","Malware","Data Exfiltration",5.39,1,2,"Medium","Compromised"
88,"N142","V1","Insider Threat","Data Exfiltration",9.45,1,1,"Critical","Safe"
89,"N147","V1","Insider Threat","Privilege Escalation",4.84,1,1,"Medium","Recovered"
90,"N123","V1;V5","Malware","Lateral Movement",4.07,0,2,"Medium","Exposed"
91,"N039","V3","Insider Threat","Lateral Movement",9.94,0,1,"Critical","Propagating"
92,"N114","V10;V4;V7;V9","Insider Threat","Data Exfiltration",9.9,1,4,"Critical","Propagating"
93,"N190","V10","Malware","Lateral Movement",6.29,1,1,"High","Propagating"
94,"N062","V3","Ransomware","Data Exfiltration",0.84,0,1,"Low","Exposed"
95,"N060","V1;V10;V5;V8","Insider Threat","Data Exfiltration",2.9,1,4,"Low","Compromised"
96,"N068","V4","Ransomware","Privilege Escalation",1.24,0,1,"Low","Compromised"
97,"N019","V3;V5","Malware","Lateral Movement",7.95,1,2,"High","Compromised"
98,"N104","V2;V5;V6;V8","Insider Threat","Data Exfiltration",5.45,1,4,"Medium","Safe"
99,"N011","V10","APT","Data Exfiltration",3.29,1,1,"Medium","Propagating"
100,"N059","V2","Malware","Data Exfiltration",8.23,0,1,"Critical","Compromised"
101,"N167","V8;V9","APT","Privilege Escalation",1.9,1,2,"Low","Propagating"
102,"N086","V2;V4;V6;V8","Insider Threat","Data Exfiltration",1.14,0,4,"Low","Compromised"
103,"N170","V5;V7;V8","APT","Data Exfiltration",0.46,0,3,"Low","Propagating"
104,"N198","V2;V5;V6","APT","Data Exfiltration",8.27,0,3,"Critical","Safe"
105,"N093","V1;V4;V5;V7","APT","Data Exfiltration",4.48,0,4,"Medium","Propagating"
106,"N034","V5;V9","Insider Threat","Privilege Escalation",8.82,1,2,"Critical","Propagating"
107,"N162","V1","Ransomware","Data Exfiltration",1.67,0,1,"Low","Safe"
108,"N031","V10;V2;V4;V9","Ransomware","Privilege Escalation",9.33,1,4,"Critical","Compromised"
109,"N063","V7;V8;V9","APT","Data Exfiltration",1.53,0,3,"Low","Safe"
110,"N198","V2;V5","APT","Privilege Escalation",9.35,1,2,"Critical","Compromised"
111,"N186","V5","Insider Threat","Data Exfiltration",5.84,1,1,"Medium","Safe"
112,"N124","V8;V9","Insider Threat","Privilege Escalation",5.56,1,2,"Medium","Safe"
113,"N099","V4;V5;V6;V9","Ransomware","Privilege Escalation",0.53,1,4,"Low","Compromised"
114,"N033","V1;V3;V7;V8","Insider Threat","Lateral Movement",8.75,1,4,"Critical","Compromised"
115,"N117","V9","Malware","Data Exfiltration",1.53,0,1,"Low","Recovered"
116,"N068","V8","Insider Threat","Data Exfiltration",6.96,0,1,"High","Propagating"
117,"N161","V6;V7;V9","APT","Data Exfiltration",0.46,0,3,"Low","Compromised"
118,"N192","V4;V5","Malware","Privilege Escalation",9.79,0,2,"Critical","Compromised"
119,"N084","V1;V3;V5;V8","Malware","Privilege Escalation",3.65,1,4,"Medium","Exposed"
120,"N106","V4;V9","Ransomware","Lateral Movement",1.83,1,2,"Low","Safe"
121,"N060","V3;V8","APT","Data Exfiltration",2.61,1,2,"Low","Compromised"
122,"N074","V8","Ransomware","Lateral Movement",4.47,1,1,"Medium","Compromised"
123,"N078","V5;V7;V8","Ransomware","Privilege Escalation",8.55,0,3,"Critical","Propagating"
124,"N148","V6;V7","Insider Threat","Data Exfiltration",3.02,1,2,"Medium","Propagating"
125,"N074","V1;V10;V8","Ransomware","Data Exfiltration",8.04,0,3,"Critical","Compromised"
126,"N174","V10;V5","Ransomware","Data Exfiltration",1.06,0,2,"Low","Compromised"
127,"N188","V1;V6;V8","Ransomware","Lateral Movement",9.11,1,3,"Critical","Compromised"
128,"N139","V10;V3;V4;V7","Insider Threat","Data Exfiltration",5.07,1,4,"Medium","Recovered"
129,"N076","V5;V8","Insider Threat","Lateral Movement",4.74,0,2,"Medium","Propagating"
130,"N143","V4;V7","Insider Threat","Lateral Movement",7.93,0,2,"High","Safe"
131,"N095","V2;V8;V9","Insider Threat","Data Exfiltration",3.87,1,3,"Medium","Propagating"
132,"N121","V4","Malware","Data Exfiltration",8.85,1,1,"Critical","Safe"
133,"N180","V2;V8","Insider Threat","Data Exfiltration",4.14,0,2,"Medium","Compromised"
134,"N078","V1","APT","Lateral Movement",1.06,0,1,"Low","Safe"
135,"N191","V5;V6;V7;V8","Ransomware","Privilege Escalation",6.58,1,4,"High","Safe"
136,"N114","V1;V2;V5;V6","APT","Lateral Movement",8.57,0,4,"Critical","Safe"
137,"N102","V1;V6;V9","Insider Threat","Lateral Movement",9.69,1,3,"Critical","Compromised"
138,"N165","V4","Malware","Lateral Movement",7.89,0,1,"High","Propagating"
139,"N018","V10;V4","Ransomware","Data Exfiltration",2.24,0,2,"Low","Exposed"
140,"N038","V1;V3;V5","Ransomware","Data Exfiltration",2.58,0,3,"Low","Safe"
141,"N034","V1","Malware","Privilege Escalation",7.92,0,1,"High","Compromised"
142,"N014","V1;V3;V5","Ransomware","Data Exfiltration",4.27,0,3,"Medium","Propagating"
143,"N115","V8","Insider Threat","Data Exfiltration",5.98,1,1,"Medium","Propagating"
144,"N187","V1;V10","Insider Threat","Privilege Escalation",6.47,0,2,"High","Safe"
145,"N103","V8","APT","Data Exfiltration",1.17,1,1,"Low","Exposed"
146,"N083","V2","Ransomware","Lateral Movement",1.35,1,1,"Low","Safe"
147,"N130","V10;V4;V5;V9","APT","Lateral Movement",7.95,0,4,"High","Propagating"
148,"N059","V7;V8","APT","Privilege Escalation",8.29,1,2,"Critical","Propagating"
149,"N171","V2;V3;V6;V7","Insider Threat","Privilege Escalation",9.54,1,4,"Critical","Compromised"
150,"N022","V2","Malware","Privilege Escalation",1.06,1,1,"Low","Exposed"
151,"N151","V1;V9","Insider Threat","Data Exfiltration",1.31,1,2,"Low","Propagating"
152,"N027","V1;V3;V5;V9","Ransomware","Lateral Movement",6.6,0,4,"High","Safe"
153,"N143","V6","Insider Threat","Lateral Movement",7.65,0,1,"High","Compromised"
154,"N169","V1;V10;V5;V9","Insider Threat","Lateral Movement",1.89,1,4,"Low","Safe"
155,"N037","V1;V3;V6","APT","Lateral Movement",1.5,0,3,"Low","Recovered"
156,"N056","V9","APT","Privilege Escalation",4.59,0,1,"Medium","Safe"
157,"N014","V2;V5;V6","Ransomware","Lateral Movement",7.57,0,3,"High","Propagating"
158,"N114","V5","APT","Privilege Escalation",6.11,1,1,"High","Recovered"
159,"N089","V2;V4;V9","APT","Lateral Movement",2.9,1,3,"Low","Propagating"
160,"N154","V1;V4;V7","Malware","Lateral Movement",2.12,0,3,"Low","Exposed"
161,"N084","V10;V5","Malware","Lateral Movement",5.02,1,2,"Medium","Safe"
162,"N137","V3;V7","Ransomware","Data Exfiltration",5.63,1,2,"Medium","Propagating"
163,"N190","V7","Malware","Privilege Escalation",0.29,0,1,"Low","Safe"
164,"N182","V10;V7;V9","APT","Privilege Escalation",1.24,0,3,"Low","Propagating"
165,"N023","V3;V6;V8","APT","Lateral Movement",2.51,1,3,"Low","Compromised"
166,"N080","V7","Insider Threat","Lateral Movement",3.4,0,1,"Medium","Exposed"
167,"N163","V9","Malware","Data Exfiltration",5.15,1,1,"Medium","Compromised"
168,"N038","V2;V3;V4","Insider Threat","Lateral Movement",1.82,0,3,"Low","Exposed"
169,"N198","V3","APT","Privilege Escalation",7.57,1,1,"High","Exposed"
170,"N018","V3;V6;V8","APT","Privilege Escalation",6.35,1,3,"High","Compromised"
171,"N130","V6","Malware","Privilege Escalation",4.67,0,1,"Medium","Propagating"
172,"N074","V6","Malware","Data Exfiltration",8.66,0,1,"Critical","Compromised"
173,"N147","V1;V4;V8;V9","Ransomware","Privilege Escalation",6.09,0,4,"High","Propagating"
174,"N027","V8","Insider Threat","Data Exfiltration",0.93,0,1,"Low","Safe"
175,"N182","V4","APT","Privilege Escalation",5.29,0,1,"Medium","Safe"
176,"N105","V5;V6;V7","Insider Threat","Data Exfiltration",6.02,1,3,"High","Propagating"
177,"N025","V6","APT","Privilege Escalation",2.59,0,1,"Low","Propagating"
178,"N080","V2;V3;V6","APT","Lateral Movement",5.99,0,3,"Medium","Safe"
179,"N033","V6;V7;V9","Malware","Data Exfiltration",6.74,1,3,"High","Propagating"
180,"N080","V6","Ransomware","Lateral Movement",3.48,1,1,"Medium","Safe"
181,"N040","V3;V4","Malware","Privilege Escalation",8.46,0,2,"Critical","Compromised"
182,"N197","V6","Ransomware","Data Exfiltration",3.83,0,1,"Medium","Safe"
183,"N185","V10;V3","APT","Lateral Movement",4.17,0,2,"Medium","Propagating"
184,"N137","V10;V2;V5;V8","Ransomware","Privilege Escalation",9.66,1,4,"Critical","Propagating"
185,"N119","V6;V8","Insider Threat","Privilege Escalation",5.08,1,2,"Medium","Propagating"
186,"N065","V3;V4","Malware","Data Exfiltration",4.86,1,2,"Medium","Propagating"
187,"N032","V9","Insider Threat","Lateral Movement",7.65,1,1,"High","Safe"
188,"N057","V1;V3;V7;V9","APT","Privilege Escalation",9.31,1,4,"Critical","Propagating"
189,"N129","V7","Insider Threat","Lateral Movement",3.92,0,1,"Medium","Safe"
190,"N026","V1;V4;V6","Insider Threat","Lateral Movement",1.46,1,3,"Low","Recovered"
191,"N002","V3;V5;V8;V9","Malware","Lateral Movement",2.63,0,4,"Low","Exposed"
192,"N032","V2;V3;V4;V5","Malware","Lateral Movement",4.26,1,4,"Medium","Compromised"
193,"N128","V2","Malware","Data Exfiltration",5.2,0,1,"Medium","Recovered"
194,"N001","V5;V7","Insider Threat","Lateral Movement",5.75,0,2,"Medium","Exposed"
195,"N093","V9","Malware","Data Exfiltration",5.49,0,1,"Medium","Compromised"
196,"N065","V1;V3;V7;V8","Malware","Privilege Escalation",7.91,1,4,"High","Safe"
197,"N035","V2;V6","Malware","Privilege Escalation",5.51,0,2,"Medium","Safe"
198,"N184","V1;V3;V8;V9","APT","Lateral Movement",3.01,0,4,"Medium","Compromised"
199,"N080","V1;V6","APT","Data Exfiltration",4.79,0,2,"Medium","Propagating"
200,"N200","V5;V6","Malware","Data Exfiltration",3.39,0,2,"Medium","Propagating"
201,"N099","V10;V7;V8","Insider Threat","Lateral Movement",5.01,1,3,"Medium","Safe"
202,"N187","V2;V5;V9","APT","Lateral Movement",4.36,0,3,"Medium","Safe"
203,"N084","V2;V6;V9","Insider Threat","Privilege Escalation",4.51,1,3,"Medium","Propagating"
204,"N115","V6;V8","Malware","Data Exfiltration",8.71,1,2,"Critical","Safe"
205,"N164","V1;V2;V5;V6","APT","Privilege Escalation",5.18,0,4,"Medium","Propagating"
206,"N156","V3","APT","Lateral Movement",1.35,0,1,"Low","Propagating"
207,"N155","V1;V6;V7","Ransomware","Data Exfiltration",4.55,1,3,"Medium","Safe"
208,"N136","V2;V3;V8","Insider Threat","Privilege Escalation",3.21,1,3,"Medium","Compromised"
209,"N189","V1;V2","Ransomware","Privilege Escalation",5.23,0,2,"Medium","Propagating"
210,"N157","V4;V5;V8","Insider Threat","Data Exfiltration",9.17,1,3,"Critical","Safe"
211,"N019","V2;V3","APT","Lateral Movement",9,1,2,"Critical","Safe"
212,"N171","V6","Insider Threat","Data Exfiltration",0.74,1,1,"Low","Safe"
213,"N131","V10;V3;V6","Ransomware","Lateral Movement",9.85,0,3,"Critical","Recovered"
214,"N093","V1;V8","Insider Threat","Privilege Escalation",8.06,0,2,"Critical","Recovered"
215,"N080","V2","APT","Data Exfiltration",7.22,1,1,"High","Recovered"
216,"N165","V10;V2;V3;V8","Malware","Privilege Escalation",4.71,1,4,"Medium","Safe"
217,"N197","V3;V9","Ransomware","Privilege Escalation",5.08,0,2,"Medium","Recovered"
218,"N040","V9","Insider Threat","Lateral Movement",1.7,0,1,"Low","Safe"
219,"N065","V2;V5;V9","Ransomware","Data Exfiltration",9.57,1,3,"Critical","Recovered"
220,"N024","V5;V9","Ransomware","Data Exfiltration",9.42,0,2,"Critical","Propagating"
221,"N145","V10;V6","Malware","Lateral Movement",0.9,1,2,"Low","Propagating"
222,"N159","V10;V7","Malware","Privilege Escalation",8.9,1,2,"Critical","Propagating"
223,"N077","V4;V7;V8","APT","Lateral Movement",6.92,0,3,"High","Compromised"
224,"N088","V2;V7;V8;V9","Ransomware","Privilege Escalation",8.63,1,4,"Critical","Safe"
225,"N132","V3;V6;V7","Malware","Privilege Escalation",2.49,0,3,"Low","Exposed"
226,"N025","V3;V4;V8","Malware","Privilege Escalation",9.46,1,3,"Critical","Propagating"
227,"N148","V3;V6","Insider Threat","Lateral Movement",7.65,1,2,"High","Propagating"
228,"N024","V1;V10;V5;V8","APT","Data Exfiltration",4.63,0,4,"Medium","Safe"
229,"N013","V10;V6","Malware","Privilege Escalation",5,1,2,"Medium","Compromised"
230,"N111","V1;V2;V9","Ransomware","Privilege Escalation",7.3,1,3,"High","Propagating"
231,"N146","V1;V10;V7","Ransomware","Privilege Escalation",5.58,0,3,"Medium","Propagating"
232,"N160","V5;V7;V8;V9","Malware","Lateral Movement",9.75,1,4,"Critical","Exposed"
233,"N194","V10;V6;V9","Ransomware","Lateral Movement",6.06,1,3,"High","Safe"
234,"N010","V1","Ransomware","Data Exfiltration",3.4,1,1,"Medium","Safe"
235,"N157","V10;V3;V8;V9","Insider Threat","Lateral Movement",3.99,1,4,"Medium","Safe"
236,"N182","V10;V8;V9","Insider Threat","Privilege Escalation",8.18,1,3,"Critical","Safe"
237,"N186","V2;V5;V7","Malware","Data Exfiltration",4.8,0,3,"Medium","Safe"
238,"N123","V10","Ransomware","Data Exfiltration",6.33,1,1,"High","Recovered"
239,"N147","V1;V4","Malware","Lateral Movement",0.29,1,2,"Low","Compromised"
240,"N129","V3;V4;V7;V8","APT","Data Exfiltration",7.3,0,4,"High","Recovered"
241,"N170","V6;V9","APT","Data Exfiltration",3.83,0,2,"Medium","Safe"
242,"N198","V10;V6;V8;V9","Insider Threat","Data Exfiltration",4.89,0,4,"Medium","Exposed"
243,"N077","V4;V5;V9","Insider Threat","Data Exfiltration",2.15,1,3,"Low","Propagating"
244,"N074","V5;V6;V8","Malware","Data Exfiltration",6.8,1,3,"High","Safe"
245,"N074","V1;V3;V5;V6","Malware","Privilege Escalation",9.25,1,4,"Critical","Propagating"
246,"N179","V10;V4;V5;V8","Insider Threat","Lateral Movement",1.18,0,4,"Low","Safe"
247,"N058","V1;V9","Ransomware","Lateral Movement",1.09,1,2,"Low","Safe"
248,"N041","V1;V2;V3;V5","APT","Data Exfiltration",9.36,1,4,"Critical","Propagating"
249,"N166","V3;V4;V5;V6","Malware","Lateral Movement",6.56,0,4,"High","Recovered"
250,"N107","V3","Ransomware","Lateral Movement",9.97,1,1,"Critical","Compromised"
251,"N077","V1;V3;V5;V8","Malware","Privilege Escalation",2.92,1,4,"Low","Safe"
252,"N070","V8;V9","Ransomware","Lateral Movement",3.37,1,2,"Medium","Propagating"
253,"N076","V1;V3;V6","Ransomware","Lateral Movement",6.15,1,3,"High","Compromised"
254,"N172","V2;V4;V6;V9","Malware","Lateral Movement",9.82,1,4,"Critical","Exposed"
255,"N099","V1;V4;V5","Ransomware","Privilege Escalation",7.56,1,3,"High","Exposed"
256,"N168","V1;V10;V5","Insider Threat","Data Exfiltration",2.44,0,3,"Low","Compromised"
257,"N129","V3;V5;V6;V7","Insider Threat","Data Exfiltration",1.26,1,4,"Low","Recovered"
258,"N035","V10;V4;V9","APT","Lateral Movement",4.6,1,3,"Medium","Recovered"
259,"N064","V4;V7;V8;V9","Malware","Data Exfiltration",4.52,1,4,"Medium","Propagating"
260,"N029","V10","Malware","Data Exfiltration",9.04,0,1,"Critical","Exposed"
261,"N134","V3;V6","APT","Lateral Movement",6.83,1,2,"High","Safe"
262,"N115","V9","Malware","Privilege Escalation",1.41,1,1,"Low","Safe"
263,"N079","V1;V10;V6;V8","Malware","Privilege Escalation",2.62,0,4,"Low","Safe"
264,"N012","V10;V2","APT","Privilege Escalation",7.03,0,2,"High","Compromised"
265,"N009","V8","Insider Threat","Privilege Escalation",1.88,0,1,"Low","Safe"
266,"N097","V6;V7;V8;V9","APT","Lateral Movement",6.86,0,4,"High","Exposed"
267,"N136","V2;V3;V7","Ransomware","Data Exfiltration",9.79,0,3,"Critical","Recovered"
268,"N119","V5","APT","Data Exfiltration",3.85,0,1,"Medium","Recovered"
269,"N040","V6;V8","Insider Threat","Lateral Movement",9.38,0,2,"Critical","Compromised"
270,"N158","V7","Malware","Lateral Movement",2.14,0,1,"Low","Safe"
271,"N154","V8","Malware","Lateral Movement",7.43,1,1,"High","Exposed"
272,"N199","V10;V4;V7;V9","Malware","Lateral Movement",5.09,1,4,"Medium","Compromised"
273,"N148","V10;V6","Insider Threat","Lateral Movement",3.09,0,2,"Medium","Recovered"
274,"N071","V5;V7","Malware","Data Exfiltration",9.49,0,2,"Critical","Compromised"
275,"N165","V1;V3;V8;V9","APT","Data Exfiltration",3.26,1,4,"Medium","Recovered"
276,"N194","V2;V3;V5;V7","APT","Lateral Movement",8.51,1,4,"Critical","Compromised"
277,"N144","V1;V8","APT","Privilege Escalation",5.62,0,2,"Medium","Propagating"
278,"N166","V10;V3;V4;V5","Malware","Privilege Escalation",8.49,0,4,"Critical","Propagating"
279,"N097","V1;V5","Malware","Lateral Movement",1.96,0,2,"Low","Safe"
280,"N055","V1;V4;V5;V6","Ransomware","Data Exfiltration",1.26,1,4,"Low","Safe"
281,"N102","V10;V4","Ransomware","Data Exfiltration",3.28,1,2,"Medium","Safe"
282,"N067","V3;V6;V8;V9","Insider Threat","Data Exfiltration",8.84,1,4,"Critical","Compromised"
283,"N195","V8","Insider Threat","Lateral Movement",3.77,1,1,"Medium","Exposed"
284,"N057","V10","Ransomware","Lateral Movement",2.68,1,1,"Low","Exposed"
285,"N059","V3;V4;V6","APT","Data Exfiltration",8.35,1,3,"Critical","Recovered"
286,"N118","V5;V8;V9","Ransomware","Data Exfiltration",7.97,0,3,"High","Propagating"
287,"N048","V8;V9","Malware","Data Exfiltration",0.43,0,2,"Low","Compromised"
288,"N106","V1","Ransomware","Data Exfiltration",2.39,0,1,"Low","Compromised"
289,"N130","V4","APT","Privilege Escalation",0.7,1,1,"Low","Propagating"
290,"N005","V1;V10;V7;V9","Insider Threat","Data Exfiltration",9.78,0,4,"Critical","Propagating"
291,"N039","V2;V3;V5;V9","Ransomware","Lateral Movement",6.24,1,4,"High","Exposed"
292,"N096","V2;V5;V7","APT","Privilege Escalation",5.69,0,3,"Medium","Propagating"
293,"N104","V1;V10;V2","APT","Privilege Escalation",5.57,0,3,"Medium","Propagating"
294,"N022","V3","APT","Privilege Escalation",6.48,1,1,"High","Safe"
295,"N011","V9","Ransomware","Lateral Movement",9.02,1,1,"Critical","Compromised"
296,"N140","V1;V2;V5","Malware","Lateral Movement",9.29,1,3,"Critical","Safe"
297,"N151","V4","Ransomware","Data Exfiltration",8.23,0,1,"Critical","Compromised"
298,"N174","V3;V4;V7","Insider Threat","Privilege Escalation",7.58,0,3,"High","Compromised"
299,"N191","V9","Insider Threat","Lateral Movement",1.07,0,1,"Low","Propagating"
300,"N155","V6","APT","Privilege Escalation",0.39,1,1,"Low","Propagating"
301,"N097","V4;V5;V6;V8","APT","Lateral Movement",6.83,1,4,"High","Propagating"
302,"N076","V10","Ransomware","Data Exfiltration",0.83,1,1,"Low","Propagating"
303,"N190","V3;V7","APT","Privilege Escalation",3.67,0,2,"Medium","Propagating"
304,"N114","V5","Insider Threat","Privilege Escalation",1.11,0,1,"Low","Exposed"
305,"N143","V7;V8","APT","Lateral Movement",0.36,1,2,"Low","Recovered"
306,"N154","V10","Insider Threat","Privilege Escalation",0.22,1,1,"Low","Exposed"
307,"N134","V2;V4;V5;V9","Ransomware","Data Exfiltration",3.87,0,4,"Medium","Compromised"
308,"N038","V10;V5;V8","Malware","Lateral Movement",4.4,1,3,"Medium","Compromised"
309,"N065","V2;V6;V8","Ransomware","Data Exfiltration",6.29,0,3,"High","Exposed"
310,"N102","V1;V2;V3;V5","Insider Threat","Data Exfiltration",3.86,1,4,"Medium","Safe"
311,"N083","V3;V6;V7;V8","Ransomware","Privilege Escalation",3.21,1,4,"Medium","Propagating"
312,"N084","V4;V5;V8","APT","Privilege Escalation",8.18,1,3,"Critical","Compromised"
313,"N175","V2;V3;V4","Malware","Data Exfiltration",4.67,0,3,"Medium","Compromised"
314,"N128","V2;V5;V6;V7","Ransomware","Data Exfiltration",3.1,1,4,"Medium","Compromised"
315,"N019","V10;V7","APT","Data Exfiltration",4.84,1,2,"Medium","Safe"
316,"N138","V1;V6;V8;V9","Malware","Lateral Movement",7.71,1,4,"High","Recovered"
317,"N145","V1;V10","APT","Privilege Escalation",9.66,1,2,"Critical","Propagating"
318,"N026","V1","Insider Threat","Lateral Movement",5.16,0,1,"Medium","Safe"
319,"N174","V6;V7;V8;V9","Ransomware","Privilege Escalation",9.98,1,4,"Critical","Exposed"
320,"N107","V5","Malware","Lateral Movement",8.33,0,1,"Critical","Compromised"
321,"N053","V5;V6;V8","APT","Privilege Escalation",4.81,1,3,"Medium","Compromised"
322,"N182","V1;V2;V5;V6","Malware","Lateral Movement",8.51,0,4,"Critical","Exposed"
323,"N045","V4;V9","Ransomware","Privilege Escalation",5.64,1,2,"Medium","Compromised"
324,"N048","V3;V7","APT","Privilege Escalation",0.39,0,2,"Low","Safe"
325,"N181","V1;V10;V7;V9","Ransomware","Lateral Movement",2.86,0,4,"Low","Compromised"
326,"N048","V9","Insider Threat","Privilege Escalation",2.05,0,1,"Low","Safe"
327,"N153","V6;V8;V9","APT","Data Exfiltration",3.99,0,3,"Medium","Compromised"
328,"N173","V3;V6;V8","Insider Threat","Data Exfiltration",5.94,0,3,"Medium","Propagating"
329,"N030","V2;V4;V5","Ransomware","Privilege Escalation",6.97,1,3,"High","Recovered"
330,"N048","V10;V3;V4;V7","APT","Data Exfiltration",5.42,0,4,"Medium","Exposed"
331,"N036","V5;V8","Ransomware","Privilege Escalation",8.44,0,2,"Critical","Propagating"
332,"N050","V1;V3;V8","APT","Data Exfiltration",5.1,1,3,"Medium","Exposed"
333,"N043","V10;V4;V7;V8","Malware","Data Exfiltration",0.41,0,4,"Low","Propagating"
334,"N138","V1;V4;V5","Insider Threat","Lateral Movement",7.83,1,3,"High","Propagating"
335,"N030","V10","Insider Threat","Data Exfiltration",8.25,1,1,"Critical","Recovered"
336,"N140","V8","Ransomware","Privilege Escalation",1.11,0,1,"Low","Compromised"
337,"N090","V1;V5;V8","Malware","Privilege Escalation",8.67,0,3,"Critical","Compromised"
338,"N182","V4;V6","APT","Lateral Movement",6.2,0,2,"High","Propagating"
339,"N137","V1;V6","Insider Threat","Data Exfiltration",5.43,1,2,"Medium","Safe"
340,"N035","V10;V2;V5","APT","Lateral Movement",9.93,0,3,"Critical","Exposed"
341,"N183","V3;V4","Insider Threat","Lateral Movement",7.64,1,2,"High","Safe"
342,"N116","V3;V4;V5;V7","Malware","Data Exfiltration",7.97,0,4,"High","Compromised"
343,"N125","V4;V5;V6;V9","Insider Threat","Data Exfiltration",0.12,0,4,"Low","Compromised"
344,"N110","V2;V6;V7;V9","Ransomware","Privilege Escalation",2.76,1,4,"Low","Propagating"
345,"N088","V3;V8;V9","Malware","Lateral Movement",1.09,1,3,"Low","Exposed"
346,"N041","V2","APT","Privilege Escalation",0.11,1,1,"Low","Exposed"
347,"N041","V3;V5","Insider Threat","Lateral Movement",6.58,1,2,"High","Safe"
348,"N171","V6","Ransomware","Lateral Movement",4.02,1,1,"Medium","Safe"
349,"N181","V2;V7","Malware","Lateral Movement",2.21,0,2,"Low","Propagating"
350,"N133","V10;V4","APT","Lateral Movement",0.18,1,2,"Low","Propagating"
351,"N178","V7","Ransomware","Privilege Escalation",0.8,1,1,"Low","Recovered"
352,"N027","V2","Insider Threat","Privilege Escalation",8.82,0,1,"Critical","Compromised"
353,"N145","V10;V2;V3;V5","Malware","Data Exfiltration",6.54,1,4,"High","Recovered"
354,"N158","V3;V4;V7","APT","Lateral Movement",0.96,0,3,"Low","Compromised"
355,"N090","V2;V7","APT","Privilege Escalation",7.93,0,2,"High","Propagating"
356,"N200","V2;V4;V5","Malware","Data Exfiltration",8.77,0,3,"Critical","Compromised"
357,"N166","V5;V7","Malware","Lateral Movement",5,0,2,"Medium","Exposed"
358,"N136","V2;V8","Malware","Privilege Escalation",9.35,0,2,"Critical","Compromised"
359,"N175","V10;V5;V6;V7","Ransomware","Privilege Escalation",9.55,0,4,"Critical","Propagating"
360,"N018","V10","Malware","Privilege Escalation",2.24,0,1,"Low","Exposed"
361,"N180","V4;V5;V7;V9","APT","Lateral Movement",6.44,0,4,"High","Propagating"
362,"N131","V10;V2;V5","Ransomware","Lateral Movement",5.41,1,3,"Medium","Safe"
363,"N179","V5","APT","Data Exfiltration",9.54,0,1,"Critical","Recovered"
364,"N023","V4","APT","Lateral Movement",4.59,0,1,"Medium","Propagating"
365,"N182","V1;V2;V3","Ransomware","Data Exfiltration",0.21,1,3,"Low","Safe"
366,"N043","V10;V5;V9","Insider Threat","Lateral Movement",7.52,1,3,"High","Compromised"
367,"N086","V1","APT","Privilege Escalation",5.29,1,1,"Medium","Safe"
368,"N117","V8","Insider Threat","Lateral Movement",5.05,0,1,"Medium","Recovered"
369,"N147","V2;V3;V5","Malware","Lateral Movement",7.43,0,3,"High","Safe"
370,"N063","V1","Malware","Privilege Escalation",3.7,0,1,"Medium","Recovered"
371,"N183","V1;V9","APT","Lateral Movement",3.29,1,2,"Medium","Compromised"
372,"N031","V2;V5;V6","Malware","Lateral Movement",2.31,0,3,"Low","Recovered"
373,"N080","V2;V5;V7;V8","Insider Threat","Lateral Movement",5.58,0,4,"Medium","Safe"
374,"N190","V4;V5;V9","Ransomware","Privilege Escalation",3.75,1,3,"Medium","Recovered"
375,"N039","V4;V9","Malware","Privilege Escalation",0.34,1,2,"Low","Compromised"
376,"N001","V6","APT","Data Exfiltration",7.3,0,1,"High","Safe"
377,"N108","V4;V9","APT","Lateral Movement",9.73,0,2,"Critical","Safe"
378,"N134","V1;V2;V4","APT","Data Exfiltration",8.97,1,3,"Critical","Safe"
379,"N025","V10","Ransomware","Data Exfiltration",8.22,0,1,"Critical","Recovered"
380,"N170","V7","Ransomware","Lateral Movement",2.99,1,1,"Low","Propagating"
381,"N060","V10;V3;V6;V8","Malware","Lateral Movement",1.45,0,4,"Low","Safe"
382,"N116","V2;V3","APT","Privilege Escalation",4.12,1,2,"Medium","Safe"
383,"N119","V5;V8","Insider Threat","Lateral Movement",1,1,2,"Low","Propagating"
384,"N084","V4","Ransomware","Lateral Movement",7.14,1,1,"High","Propagating"
385,"N045","V1;V3;V5;V9","Malware","Privilege Escalation",8.56,0,4,"Critical","Compromised"
386,"N027","V8","Ransomware","Lateral Movement",0.22,0,1,"Low","Propagating"
387,"N096","V4;V7","Malware","Data Exfiltration",5.9,0,2,"Medium","Exposed"
388,"N051","V2","APT","Lateral Movement",1.01,1,1,"Low","Propagating"
389,"N119","V1","Malware","Lateral Movement",9.25,1,1,"Critical","Propagating"
390,"N110","V1;V6;V7;V8","Ransomware","Privilege Escalation",2.23,0,4,"Low","Compromised"
391,"N009","V3;V5;V8","Ransomware","Data Exfiltration",3.02,1,3,"Medium","Safe"
392,"N036","V1;V2;V4;V5","APT","Lateral Movement",6.46,0,4,"High","Safe"
393,"N183","V7","Insider Threat","Privilege Escalation",5.49,1,1,"Medium","Propagating"
394,"N100","V10;V6;V9","Insider Threat","Lateral Movement",0.36,0,3,"Low","Safe"
395,"N015","V5","APT","Data Exfiltration",3.64,0,1,"Medium","Propagating"
396,"N169","V2;V4","Ransomware","Privilege Escalation",5.38,0,2,"Medium","Compromised"
397,"N091","V10;V7","Ransomware","Lateral Movement",2.44,1,2,"Low","Propagating"
398,"N146","V1;V10;V6","Ransomware","Data Exfiltration",9.49,1,3,"Critical","Compromised"
399,"N024","V1;V3;V8","Malware","Lateral Movement",6.06,0,3,"High","Propagating"
400,"N034","V1;V4;V6;V7","Insider Threat","Data Exfiltration",1.86,1,4,"Low","Safe"
401,"N038","V1","Ransomware","Lateral Movement",8.48,1,1,"Critical","Recovered"
402,"N181","V6","APT","Data Exfiltration",1.1,1,1,"Low","Exposed"
403,"N164","V10;V3;V7","APT","Data Exfiltration",3.24,1,3,"Medium","Safe"
404,"N097","V10;V3","Insider Threat","Data Exfiltration",6.92,0,2,"High","Compromised"
405,"N198","V1;V7","Malware","Lateral Movement",6.06,0,2,"High","Safe"
406,"N037","V8","Insider Threat","Data Exfiltration",0.87,1,1,"Low","Compromised"
407,"N115","V2;V3;V6","Malware","Privilege Escalation",2.18,0,3,"Low","Compromised"
408,"N013","V1;V2;V5","APT","Privilege Escalation",7.35,0,3,"High","Propagating"
409,"N097","V5;V6;V7;V8","Malware","Privilege Escalation",7.91,0,4,"High","Compromised"
410,"N009","V2;V8","Insider Threat","Lateral Movement",3.26,0,2,"Medium","Compromised"
411,"N044","V6","APT","Lateral Movement",7.35,0,1,"High","Compromised"
412,"N111","V1;V10;V8","Ransomware","Data Exfiltration",8.91,0,3,"Critical","Exposed"
413,"N085","V2","Ransomware","Lateral Movement",4.15,1,1,"Medium","Exposed"
414,"N013","V2;V4;V5","APT","Data Exfiltration",5.54,1,3,"Medium","Safe"
415,"N001","V1;V6","APT","Lateral Movement",3.02,1,2,"Medium","Recovered"
416,"N053","V1;V2","Ransomware","Data Exfiltration",2.99,0,2,"Low","Propagating"
417,"N126","V2;V4;V5;V7","Insider Threat","Lateral Movement",6.45,1,4,"High","Compromised"
418,"N095","V6;V7","Ransomware","Privilege Escalation",0.54,1,2,"Low","Safe"
419,"N016","V10;V4;V5;V8","Ransomware","Data Exfiltration",6.71,0,4,"High","Propagating"
420,"N142","V4;V7;V9","Malware","Privilege Escalation",8.2,1,3,"Critical","Compromised"
421,"N021","V10;V3;V4;V8","APT","Data Exfiltration",0.44,0,4,"Low","Safe"
422,"N045","V8","Ransomware","Lateral Movement",8.1,0,1,"Critical","Exposed"
423,"N021","V7","APT","Lateral Movement",9.97,0,1,"Critical","Propagating"
424,"N100","V2;V6;V9","APT","Data Exfiltration",3.33,1,3,"Medium","Compromised"
425,"N107","V1;V10;V7;V9","Ransomware","Lateral Movement",5.71,0,4,"Medium","Propagating"
426,"N200","V10","Malware","Privilege Escalation",8.69,1,1,"Critical","Compromised"
427,"N156","V10;V5;V7;V8","APT","Lateral Movement",1.8,1,4,"Low","Compromised"
428,"N010","V10;V7","APT","Privilege Escalation",6.94,0,2,"High","Recovered"
429,"N078","V1;V3;V5;V6","Insider Threat","Privilege Escalation",8.44,0,4,"Critical","Safe"
430,"N191","V3;V5","APT","Privilege Escalation",2.77,1,2,"Low","Safe"
431,"N114","V4","Ransomware","Privilege Escalation",7.44,1,1,"High","Compromised"
432,"N041","V9","Malware","Privilege Escalation",7.12,1,1,"High","Propagating"
433,"N045","V1;V9","Ransomware","Lateral Movement",8.39,0,2,"Critical","Propagating"
434,"N013","V8","Insider Threat","Data Exfiltration",2.07,1,1,"Low","Recovered"
435,"N008","V2;V6;V7;V9","Ransomware","Privilege Escalation",4.94,1,4,"Medium","Propagating"
436,"N090","V8;V9","Insider Threat","Lateral Movement",8.39,1,2,"Critical","Propagating"
437,"N008","V5","APT","Lateral Movement",1.71,0,1,"Low","Compromised"
438,"N069","V10;V4","APT","Data Exfiltration",0.3,0,2,"Low","Recovered"
439,"N065","V1;V10;V2;V3","Insider Threat","Data Exfiltration",9.67,1,4,"Critical","Propagating"
440,"N056","V3;V6;V7;V8","APT","Privilege Escalation",6.8,1,4,"High","Propagating"
441,"N131","V1","Insider Threat","Data Exfiltration",6.51,1,1,"High","Exposed"
442,"N087","V10;V2;V8","Insider Threat","Data Exfiltration",3.32,1,3,"Medium","Propagating"
443,"N133","V3;V4;V5","Ransomware","Lateral Movement",8.07,1,3,"Critical","Propagating"
444,"N076","V1;V3;V8","Insider Threat","Privilege Escalation",4.11,0,3,"Medium","Propagating"
445,"N176","V4;V6","APT","Data Exfiltration",3.65,1,2,"Medium","Propagating"
446,"N076","V3;V9","Malware","Privilege Escalation",1.37,1,2,"Low","Compromised"
447,"N057","V2;V6","Insider Threat","Lateral Movement",7.47,1,2,"High","Compromised"
448,"N076","V10;V5;V6;V8","APT","Lateral Movement",4.76,0,4,"Medium","Compromised"
449,"N175","V2;V4;V7;V9","APT","Data Exfiltration",3.05,0,4,"Medium","Recovered"
450,"N088","V3;V4","APT","Data Exfiltration",8.94,1,2,"Critical","Compromised"
451,"N200","V3;V6","Malware","Privilege Escalation",3.39,0,2,"Medium","Compromised"
452,"N071","V1;V10;V8","Ransomware","Lateral Movement",5.81,0,3,"Medium","Exposed"
453,"N110","V2;V3;V6;V7","APT","Privilege Escalation",9.66,1,4,"Critical","Recovered"
454,"N137","V1","Ransomware","Data Exfiltration",3.79,0,1,"Medium","Safe"
455,"N174","V1;V4;V9","Malware","Data Exfiltration",7.36,0,3,"High","Exposed"
456,"N099","V2;V3;V5","Insider Threat","Lateral Movement",0.75,0,3,"Low","Safe"
457,"N112","V5;V6;V8","Ransomware","Privilege Escalation",9.96,1,3,"Critical","Safe"
458,"N005","V3;V4;V7","Ransomware","Lateral Movement",7.3,0,3,"High","Recovered"
459,"N044","V1;V9","Malware","Privilege Escalation",7.14,0,2,"High","Safe"
460,"N013","V1;V10;V5;V9","Malware","Data Exfiltration",8.38,0,4,"Critical","Compromised"
461,"N114","V7","APT","Lateral Movement",5.52,1,1,"Medium","Compromised"
462,"N078","V1;V4","APT","Data Exfiltration",1.1,1,2,"Low","Compromised"
463,"N131","V2;V7","Malware","Privilege Escalation",1.23,0,2,"Low","Compromised"
464,"N134","V10;V4;V5;V7","Ransomware","Privilege Escalation",7.06,1,4,"High","Propagating"
465,"N128","V1;V9","Ransomware","Data Exfiltration",9.34,1,2,"Critical","Safe"
466,"N172","V1;V10","Malware","Lateral Movement",8.37,1,2,"Critical","Exposed"
467,"N020","V2;V9","Malware","Privilege Escalation",6.48,1,2,"High","Propagating"
468,"N026","V1;V5;V8","Ransomware","Lateral Movement",8.54,1,3,"Critical","Propagating"
469,"N195","V2;V7;V9","Malware","Lateral Movement",8.53,0,3,"Critical","Safe"
470,"N188","V5;V6;V8","Malware","Privilege Escalation",8.17,0,3,"Critical","Safe"
471,"N103","V7","APT","Privilege Escalation",8.37,1,1,"Critical","Exposed"
472,"N186","V10;V2;V3;V6","Malware","Lateral Movement",1.13,1,4,"Low","Exposed"
473,"N008","V3;V5;V6;V7","Ransomware","Privilege Escalation",9.21,0,4,"Critical","Propagating"
474,"N168","V1;V2;V3;V8","Insider Threat","Lateral Movement",7.08,0,4,"High","Compromised"
475,"N111","V10;V2;V9","Ransomware","Privilege Escalation",3.52,1,3,"Medium","Propagating"
476,"N003","V1;V9","Ransomware","Data Exfiltration",8.5,1,2,"Critical","Propagating"
477,"N083","V2;V8","Ransomware","Privilege Escalation",9.7,0,2,"Critical","Propagating"
478,"N104","V7;V9","Ransomware","Lateral Movement",4.65,1,2,"Medium","Safe"
479,"N115","V8","Insider Threat","Lateral Movement",9.81,0,1,"Critical","Propagating"
480,"N106","V7","Malware","Data Exfiltration",5.54,0,1,"Medium","Compromised"
481,"N168","V10;V4;V9","APT","Privilege Escalation",3.7,0,3,"Medium","Compromised"
482,"N144","V6;V8","APT","Data Exfiltration",6.61,1,2,"High","Exposed"
483,"N195","V2","Ransomware","Lateral Movement",3.48,1,1,"Medium","Exposed"
484,"N127","V1;V2;V3","Ransomware","Data Exfiltration",7.45,1,3,"High","Compromised"
485,"N157","V5","Ransomware","Lateral Movement",1.3,1,1,"Low","Safe"
486,"N184","V4;V8","Insider Threat","Lateral Movement",7.6,0,2,"High","Propagating"
487,"N118","V8","Ransomware","Privilege Escalation",0.14,0,1,"Low","Safe"
488,"N149","V10;V3;V6;V8","Ransomware","Data Exfiltration",8.17,0,4,"Critical","Safe"
489,"N156","V10;V4;V6;V7","Ransomware","Privilege Escalation",4.04,1,4,"Medium","Propagating"
490,"N106","V3;V8;V9","Insider Threat","Data Exfiltration",5.52,1,3,"Medium","Recovered"
491,"N160","V10;V4","Insider Threat","Data Exfiltration",3.52,0,2,"Medium","Compromised"
492,"N178","V10;V9","Insider Threat","Data Exfiltration",1.24,1,2,"Low","Propagating"
493,"N109","V10;V5;V7;V9","Malware","Data Exfiltration",1.15,1,4,"Low","Recovered"
494,"N052","V1;V10","Insider Threat","Lateral Movement",9.84,1,2,"Critical","Propagating"
495,"N053","V1;V5","Malware","Privilege Escalation",8.16,0,2,"Critical","Exposed"
496,"N061","V7;V9","Insider Threat","Data Exfiltration",6.68,1,2,"High","Safe"
497,"N191","V1;V6;V7;V8","Insider Threat","Lateral Movement",6.24,1,4,"High","Propagating"
498,"N190","V6;V9","Ransomware","Data Exfiltration",9.65,1,2,"Critical","Safe"
499,"N189","V10;V2;V3;V9","Malware","Privilege Escalation",0.5,1,4,"Low","Compromised"
500,"N002","V10;V3;V5","Insider Threat","Privilege Escalation",7.13,0,3,"High","Propagating"
501,"N083","V3","Malware","Data Exfiltration",6.19,1,1,"High","Propagating"
502,"N182","V1;V10;V6;V9","Insider Threat","Data Exfiltration",2.28,0,4,"Low","Propagating"
503,"N041","V9","APT","Data Exfiltration",5.42,0,1,"Medium","Compromised"
504,"N085","V10;V4;V6","Insider Threat","Privilege Escalation",2.26,1,3,"Low","Exposed"
505,"N172","V2","Insider Threat","Privilege Escalation",2.48,0,1,"Low","Propagating"
506,"N098","V6","Malware","Privilege Escalation",2.64,1,1,"Low","Safe"
507,"N198","V9","Insider Threat","Data Exfiltration",8.05,1,1,"Critical","Compromised"
508,"N132","V1;V3;V4;V5","Malware","Lateral Movement",1.76,0,4,"Low","Safe"
509,"N172","V4","Ransomware","Data Exfiltration",4.3,0,1,"Medium","Safe"
510,"N166","V7;V9","Malware","Data Exfiltration",6.89,0,2,"High","Recovered"
511,"N014","V1;V2;V6;V9","Ransomware","Privilege Escalation",5.63,0,4,"Medium","Propagating"
512,"N162","V10;V7;V8","APT","Privilege Escalation",3.23,1,3,"Medium","Safe"
513,"N002","V9","Malware","Data Exfiltration",5.9,0,1,"Medium","Propagating"
514,"N176","V2;V5;V9","Insider Threat","Data Exfiltration",0.96,1,3,"Low","Exposed"
515,"N137","V1;V2;V7;V8","Ransomware","Lateral Movement",7.49,1,4,"High","Compromised"
516,"N003","V5;V6","Ransomware","Lateral Movement",0.51,1,2,"Low","Propagating"
517,"N054","V5","Insider Threat","Lateral Movement",4.19,0,1,"Medium","Exposed"
518,"N158","V3;V4","Insider Threat","Lateral Movement",1.23,0,2,"Low","Propagating"
519,"N018","V2;V5;V6;V9","Insider Threat","Lateral Movement",2.05,1,4,"Low","Exposed"
520,"N026","V3;V4;V6","Insider Threat","Data Exfiltration",0.79,0,3,"Low","Exposed"
521,"N158","V10;V6;V8","Insider Threat","Data Exfiltration",5.88,1,3,"Medium","Exposed"
522,"N081","V1;V3;V7","Ransomware","Lateral Movement",7.15,1,3,"High","Compromised"
523,"N123","V10;V3;V6","APT","Privilege Escalation",3.65,1,3,"Medium","Safe"
524,"N156","V2;V3;V6;V9","Malware","Privilege Escalation",8.6,0,4,"Critical","Propagating"
525,"N187","V2;V5","Malware","Lateral Movement",8.51,0,2,"Critical","Exposed"
526,"N067","V1;V10;V4;V5","APT","Data Exfiltration",7.77,1,4,"High","Safe"
527,"N129","V10;V3;V4;V5","Malware","Privilege Escalation",3.7,0,4,"Medium","Compromised"
528,"N194","V10;V3","Ransomware","Privilege Escalation",1.68,0,2,"Low","Exposed"
529,"N125","V1;V4;V6;V7","Ransomware","Lateral Movement",2.72,0,4,"Low","Safe"
530,"N133","V4","Insider Threat","Privilege Escalation",4.75,1,1,"Medium","Propagating"
531,"N167","V1","Insider Threat","Lateral Movement",7.07,1,1,"High","Compromised"
532,"N097","V10;V3;V9","APT","Privilege Escalation",5.92,0,3,"Medium","Safe"
533,"N091","V10;V4;V7","Insider Threat","Privilege Escalation",7.95,0,3,"High","Propagating"
534,"N059","V3;V8","Malware","Data Exfiltration",6.47,0,2,"High","Recovered"
535,"N093","V10;V3","Malware","Data Exfiltration",2.38,1,2,"Low","Safe"
536,"N173","V8","APT","Privilege Escalation",2.19,0,1,"Low","Compromised"
537,"N147","V1;V10;V2;V4","Ransomware","Lateral Movement",6.33,0,4,"High","Propagating"
538,"N067","V1;V3","Ransomware","Data Exfiltration",9.59,0,2,"Critical","Recovered"
539,"N156","V2;V4;V8","APT","Privilege Escalation",1.79,1,3,"Low","Exposed"
540,"N160","V10;V3","Insider Threat","Lateral Movement",7.27,1,2,"High","Propagating"
541,"N099","V10;V2;V4;V8","Ransomware","Lateral Movement",0.26,1,4,"Low","Exposed"
542,"N046","V10;V2","APT","Data Exfiltration",6.04,0,2,"High","Compromised"
543,"N169","V8","Ransomware","Data Exfiltration",5.44,0,1,"Medium","Safe"
544,"N012","V10;V6;V7;V9","APT","Lateral Movement",9.39,1,4,"Critical","Propagating"
545,"N066","V2;V6;V7;V9","APT","Lateral Movement",9.11,0,4,"Critical","Propagating"
546,"N066","V10;V7;V9","Ransomware","Lateral Movement",7.12,0,3,"High","Recovered"
547,"N002","V9","APT","Data Exfiltration",2.13,1,1,"Low","Propagating"
548,"N167","V2;V3;V4;V6","Insider Threat","Privilege Escalation",8.56,1,4,"Critical","Compromised"
549,"N194","V10;V5;V7","Ransomware","Privilege Escalation",5.57,1,3,"Medium","Exposed"
550,"N143","V6;V9","APT","Privilege Escalation",9.89,1,2,"Critical","Propagating"
551,"N180","V2;V3;V4;V8","Ransomware","Lateral Movement",2.22,1,4,"Low","Safe"
552,"N100","V1;V3;V9","Malware","Lateral Movement",8.25,1,3,"Critical","Compromised"
553,"N095","V10;V2;V5;V9","Malware","Data Exfiltration",0.47,1,4,"Low","Safe"
554,"N153","V10;V5;V6;V9","Malware","Lateral Movement",6.44,1,4,"High","Exposed"
555,"N169","V4","Insider Threat","Lateral Movement",0.43,0,1,"Low","Safe"
556,"N062","V1;V6","Malware","Lateral Movement",0.96,1,2,"Low","Exposed"
557,"N052","V5;V6;V7;V9","Malware","Data Exfiltration",7.07,0,4,"High","Propagating"
558,"N071","V10;V6;V9","Ransomware","Data Exfiltration",9.63,1,3,"Critical","Compromised"
559,"N105","V1;V10;V2;V5","Malware","Data Exfiltration",0.82,1,4,"Low","Compromised"
560,"N138","V2;V5;V9","Insider Threat","Data Exfiltration",4.48,1,3,"Medium","Safe"
561,"N118","V4;V6;V8;V9","Malware","Privilege Escalation",1.25,0,4,"Low","Safe"
562,"N091","V10;V4;V6;V9","Malware","Data Exfiltration",8.34,0,4,"Critical","Safe"
563,"N020","V2;V6;V7","Ransomware","Privilege Escalation",3.21,0,3,"Medium","Compromised"
564,"N189","V3;V4;V8","Ransomware","Lateral Movement",7.38,1,3,"High","Recovered"
565,"N064","V10;V4","Insider Threat","Lateral Movement",7.81,0,2,"High","Recovered"
566,"N158","V8","Malware","Data Exfiltration",9.58,1,1,"Critical","Safe"
567,"N148","V10;V6;V8","Insider Threat","Privilege Escalation",1.91,1,3,"Low","Safe"
568,"N109","V1;V3;V4;V5","APT","Data Exfiltration",0.42,1,4,"Low","Recovered"
569,"N133","V2;V3;V6;V8","APT","Privilege Escalation",6.92,0,4,"High","Propagating"
570,"N084","V2;V7","Insider Threat","Data Exfiltration",8.63,0,2,"Critical","Propagating"
571,"N157","V4;V5;V8","Insider Threat","Privilege Escalation",1.92,1,3,"Low","Propagating"
572,"N094","V6;V7","APT","Privilege Escalation",4.56,0,2,"Medium","Compromised"
573,"N061","V2;V5","APT","Privilege Escalation",2.04,0,2,"Low","Compromised"
574,"N035","V1;V3;V4;V7","Insider Threat","Privilege Escalation",3.07,0,4,"Medium","Safe"
575,"N066","V1;V10;V2;V3","APT","Data Exfiltration",1.05,1,4,"Low","Compromised"
576,"N089","V10;V5;V6","Malware","Privilege Escalation",1.3,0,3,"Low","Propagating"
577,"N084","V5;V6","APT","Data Exfiltration",4.52,0,2,"Medium","Recovered"
578,"N038","V10;V5;V6;V8","Ransomware","Data Exfiltration",8.1,1,4,"Critical","Compromised"
579,"N042","V1;V10;V2;V7","Insider Threat","Lateral Movement",3.2,1,4,"Medium","Propagating"
580,"N114","V10;V5;V7","Insider Threat","Data Exfiltration",5.91,1,3,"Medium","Safe"
581,"N187","V1;V10;V2;V3","Ransomware","Data Exfiltration",2.59,0,4,"Low","Compromised"
582,"N027","V3;V7","Malware","Lateral Movement",9.37,1,2,"Critical","Propagating"
583,"N198","V1","APT","Data Exfiltration",7.67,0,1,"High","Safe"
584,"N159","V5","Ransomware","Lateral Movement",6.58,1,1,"High","Propagating"
585,"N114","V10;V4;V5","Ransomware","Lateral Movement",5.31,0,3,"Medium","Compromised"
586,"N170","V1","Insider Threat","Privilege Escalation",8.66,1,1,"Critical","Propagating"
587,"N179","V3;V8;V9","Ransomware","Data Exfiltration",6.02,1,3,"High","Propagating"
588,"N023","V4;V6;V8","APT","Privilege Escalation",3.72,1,3,"Medium","Exposed"
589,"N001","V1;V5","Ransomware","Privilege Escalation",2.94,0,2,"Low","Exposed"
590,"N111","V1;V5;V7;V8","Insider Threat","Data Exfiltration",2.39,0,4,"Low","Compromised"
591,"N102","V4;V7;V9","Ransomware","Lateral Movement",7.18,1,3,"High","Recovered"
592,"N161","V10;V2;V4;V5","Ransomware","Data Exfiltration",7.67,1,4,"High","Exposed"
593,"N049","V5;V7;V9","Malware","Lateral Movement",1.45,0,3,"Low","Compromised"
594,"N160","V10;V5;V6;V8","APT","Lateral Movement",3.27,0,4,"Medium","Exposed"
595,"N006","V9","Ransomware","Lateral Movement",2.89,0,1,"Low","Exposed"
596,"N004","V1;V2;V4;V8","APT","Lateral Movement",3.48,1,4,"Medium","Propagating"
597,"N021","V1;V3;V6;V8","Ransomware","Lateral Movement",2.74,1,4,"Low","Propagating"
598,"N121","V9","Ransomware","Lateral Movement",8.97,1,1,"Critical","Safe"
599,"N198","V1;V2;V4;V8","APT","Lateral Movement",7.4,0,4,"High","Propagating"
600,"N134","V2;V8","Ransomware","Privilege Escalation",3.95,1,2,"Medium","Exposed"
601,"N065","V1;V2;V3","APT","Data Exfiltration",3.06,1,3,"Medium","Compromised"
602,"N029","V4","Ransomware","Data Exfiltration",4.4,0,1,"Medium","Safe"
603,"N102","V2;V5","Ransomware","Lateral Movement",9.69,1,2,"Critical","Safe"
604,"N064","V2;V6","Ransomware","Privilege Escalation",1,1,2,"Low","Propagating"
605,"N092","V1","Ransomware","Data Exfiltration",5.41,0,1,"Medium","Propagating"
606,"N082","V4;V8","Insider Threat","Privilege Escalation",7.36,0,2,"High","Exposed"
607,"N125","V1;V3;V5;V6","APT","Data Exfiltration",3.02,1,4,"Medium","Exposed"
608,"N140","V10;V3","Insider Threat","Privilege Escalation",7.35,1,2,"High","Recovered"
609,"N040","V2;V9","APT","Privilege Escalation",8.21,1,2,"Critical","Propagating"
610,"N048","V1;V6;V7;V9","Malware","Data Exfiltration",8.58,0,4,"Critical","Safe"
611,"N049","V2;V7;V9","APT","Data Exfiltration",1.63,1,3,"Low","Safe"
612,"N025","V2;V6;V7","Malware","Lateral Movement",8.37,0,3,"Critical","Recovered"
613,"N028","V1;V4","APT","Lateral Movement",1.08,1,2,"Low","Safe"
614,"N057","V1;V3;V5;V9","Malware","Lateral Movement",9.31,0,4,"Critical","Propagating"
615,"N143","V1;V2;V3;V8","APT","Privilege Escalation",7.96,0,4,"High","Exposed"
616,"N078","V1;V2;V9","Malware","Lateral Movement",9.61,0,3,"Critical","Compromised"
617,"N137","V4","APT","Lateral Movement",2.01,0,1,"Low","Propagating"
618,"N107","V10;V9","Malware","Data Exfiltration",5.81,1,2,"Medium","Compromised"
619,"N103","V2;V3;V5;V9","Insider Threat","Data Exfiltration",1.67,1,4,"Low","Propagating"
620,"N096","V10;V6;V9","APT","Data Exfiltration",4.36,1,3,"Medium","Recovered"
621,"N055","V10;V9","APT","Data Exfiltration",9.27,1,2,"Critical","Compromised"
622,"N001","V10;V7;V8","Malware","Privilege Escalation",6,0,3,"Medium","Compromised"
623,"N055","V1;V4;V5","Insider Threat","Lateral Movement",7.74,1,3,"High","Safe"
624,"N118","V1;V2","Insider Threat","Lateral Movement",1.47,1,2,"Low","Propagating"
625,"N077","V4;V5","Malware","Data Exfiltration",4.06,0,2,"Medium","Safe"
626,"N124","V6","Ransomware","Privilege Escalation",8.27,0,1,"Critical","Exposed"
627,"N200","V1;V2;V7","Malware","Privilege Escalation",3.54,1,3,"Medium","Compromised"
628,"N200","V1;V2;V4;V6","APT","Lateral Movement",3.12,0,4,"Medium","Propagating"
629,"N129","V3;V6;V9","Ransomware","Lateral Movement",0.6,1,3,"Low","Propagating"
630,"N111","V10;V2;V8;V9","Insider Threat","Privilege Escalation",1.57,1,4,"Low","Safe"
631,"N147","V8","Malware","Data Exfiltration",4.05,0,1,"Medium","Propagating"
632,"N035","V10;V3;V7;V9","APT","Data Exfiltration",2.06,1,4,"Low","Compromised"
633,"N064","V10;V9","Ransomware","Lateral Movement",2.74,1,2,"Low","Propagating"
634,"N172","V10;V2;V9","APT","Privilege Escalation",3.72,0,3,"Medium","Safe"
635,"N044","V1;V5;V6","Insider Threat","Data Exfiltration",8.23,1,3,"Critical","Exposed"
636,"N060","V1;V8","Ransomware","Data Exfiltration",3.8,0,2,"Medium","Compromised"
637,"N063","V1","Ransomware","Privilege Escalation",0.24,0,1,"Low","Propagating"
638,"N085","V1;V10;V8","Ransomware","Data Exfiltration",5.43,0,3,"Medium","Exposed"
639,"N178","V3;V8;V9","Malware","Privilege Escalation",5.87,0,3,"Medium","Safe"
640,"N052","V1;V3;V5","Insider Threat","Lateral Movement",4.7,0,3,"Medium","Compromised"
641,"N170","V7","Insider Threat","Data Exfiltration",8.54,1,1,"Critical","Propagating"
642,"N075","V1","APT","Lateral Movement",9.8,0,1,"Critical","Propagating"
643,"N048","V2;V8;V9","Ransomware","Data Exfiltration",9.67,0,3,"Critical","Compromised"
644,"N136","V4","Insider Threat","Privilege Escalation",4.95,0,1,"Medium","Safe"
645,"N176","V6","Insider Threat","Privilege Escalation",6.29,0,1,"High","Safe"
646,"N008","V1;V5;V7","Insider Threat","Lateral Movement",1.6,1,3,"Low","Compromised"
647,"N134","V2;V7","Ransomware","Privilege Escalation",2.48,0,2,"Low","Compromised"
648,"N034","V10;V5;V6;V8","Ransomware","Data Exfiltration",1.47,0,4,"Low","Safe"
649,"N035","V5;V9","APT","Lateral Movement",6.6,0,2,"High","Propagating"
650,"N048","V10;V2;V9","Insider Threat","Lateral Movement",7.3,1,3,"High","Propagating"
651,"N164","V5;V6;V7;V8","Insider Threat","Lateral Movement",7.81,0,4,"High","Compromised"
652,"N196","V1;V3","Insider Threat","Data Exfiltration",5.71,0,2,"Medium","Safe"
653,"N092","V1;V4","Malware","Data Exfiltration",7.82,0,2,"High","Propagating"
654,"N122","V3;V4;V6;V7","Ransomware","Lateral Movement",2.01,0,4,"Low","Safe"
655,"N191","V1;V2;V5;V7","Ransomware","Lateral Movement",0.75,1,4,"Low","Recovered"
656,"N104","V4;V6;V8;V9","Malware","Data Exfiltration",7.38,1,4,"High","Propagating"
657,"N134","V1;V7;V9","Malware","Privilege Escalation",4.62,0,3,"Medium","Propagating"
658,"N102","V10;V9","Malware","Data Exfiltration",3.94,0,2,"Medium","Safe"
659,"N102","V5;V8","Insider Threat","Privilege Escalation",4.67,1,2,"Medium","Safe"
660,"N119","V1;V10;V3","APT","Lateral Movement",7.25,0,3,"High","Propagating"
661,"N035","V10;V9","APT","Privilege Escalation",3.3,0,2,"Medium","Propagating"
662,"N117","V4;V8","Malware","Privilege Escalation",3.31,0,2,"Medium","Propagating"
663,"N030","V2","APT","Data Exfiltration",3.69,1,1,"Medium","Exposed"
664,"N098","V7;V9","Malware","Lateral Movement",9.13,0,2,"Critical","Propagating"
665,"N197","V10;V3","Malware","Privilege Escalation",3.15,1,2,"Medium","Compromised"
666,"N052","V10;V2;V3","Malware","Data Exfiltration",7.68,0,3,"High","Safe"
667,"N127","V1;V10;V5;V8","Ransomware","Lateral Movement",5.93,1,4,"Medium","Compromised"
668,"N154","V2;V5;V7;V8","Malware","Lateral Movement",8.83,1,4,"Critical","Propagating"
669,"N038","V1;V3","Malware","Data Exfiltration",3.56,0,2,"Medium","Propagating"
670,"N155","V10","Insider Threat","Privilege Escalation",9.21,0,1,"Critical","Exposed"
671,"N046","V7","Ransomware","Data Exfiltration",2.92,0,1,"Low","Exposed"
672,"N197","V1;V10;V6;V8","Insider Threat","Privilege Escalation",3.75,1,4,"Medium","Safe"
673,"N141","V7","Malware","Privilege Escalation",4.76,0,1,"Medium","Compromised"
674,"N135","V6;V7;V9","Ransomware","Data Exfiltration",2.17,0,3,"Low","Safe"
675,"N187","V10","Malware","Privilege Escalation",7.27,1,1,"High","Safe"
676,"N148","V10;V5;V6;V8","Insider Threat","Lateral Movement",6.18,1,4,"High","Compromised"
677,"N075","V3;V4;V6;V8","Ransomware","Lateral Movement",1.27,1,4,"Low","Propagating"
678,"N158","V4","APT","Privilege Escalation",0.55,1,1,"Low","Safe"
679,"N177","V1;V4","Insider Threat","Privilege Escalation",7.92,1,2,"High","Propagating"
680,"N197","V10;V6;V9","Malware","Lateral Movement",6.89,1,3,"High","Recovered"
681,"N085","V1;V10;V2;V3","Insider Threat","Data Exfiltration",4.84,1,4,"Medium","Propagating"
682,"N124","V3","Ransomware","Data Exfiltration",4.66,1,1,"Medium","Exposed"
683,"N186","V1;V5;V7;V8","Insider Threat","Data Exfiltration",5.41,0,4,"Medium","Compromised"
684,"N072","V2;V3;V6","Malware","Privilege Escalation",9.84,0,3,"Critical","Compromised"
685,"N081","V2;V3;V5;V6","Malware","Privilege Escalation",4.2,1,4,"Medium","Safe"
686,"N078","V6;V8","Ransomware","Data Exfiltration",3.09,0,2,"Medium","Safe"
687,"N114","V1;V2;V4","Malware","Privilege Escalation",9.06,0,3,"Critical","Propagating"
688,"N188","V6;V8","Insider Threat","Privilege Escalation",1.52,0,2,"Low","Propagating"
689,"N118","V1;V4","APT","Data Exfiltration",8.66,0,2,"Critical","Recovered"
690,"N012","V5","Malware","Privilege Escalation",4.72,0,1,"Medium","Exposed"
691,"N197","V9","Insider Threat","Lateral Movement",5.82,1,1,"Medium","Safe"
692,"N050","V4;V6","Insider Threat","Privilege Escalation",5.37,1,2,"Medium","Safe"
693,"N039","V5","Ransomware","Privilege Escalation",1.23,0,1,"Low","Compromised"
694,"N141","V6;V9","Insider Threat","Privilege Escalation",1.5,1,2,"Low","Exposed"
695,"N080","V2;V3","Insider Threat","Data Exfiltration",4.49,0,2,"Medium","Propagating"
696,"N173","V8","Malware","Lateral Movement",3.9,0,1,"Medium","Exposed"
697,"N092","V3;V5;V7;V8","Insider Threat","Privilege Escalation",8.19,0,4,"Critical","Exposed"
698,"N179","V10;V2;V3;V7","APT","Lateral Movement",4.61,1,4,"Medium","Propagating"
699,"N158","V10;V3;V4;V7","Insider Threat","Privilege Escalation",3.98,1,4,"Medium","Safe"
700,"N017","V1;V10;V8","APT","Lateral Movement",3.58,1,3,"Medium","Exposed"
701,"N155","V5;V6","Ransomware","Data Exfiltration",1.12,0,2,"Low","Compromised"
702,"N137","V2;V5;V9","APT","Privilege Escalation",5.95,0,3,"Medium","Propagating"
703,"N124","V3;V9","APT","Lateral Movement",3.47,1,2,"Medium","Safe"
704,"N170","V10;V2;V4;V6","Malware","Data Exfiltration",9.32,1,4,"Critical","Safe"
705,"N153","V10","APT","Privilege Escalation",5.6,1,1,"Medium","Propagating"
706,"N018","V5;V7","Malware","Data Exfiltration",8.16,1,2,"Critical","Recovered"
707,"N056","V1;V2;V8","Ransomware","Data Exfiltration",9.04,0,3,"Critical","Compromised"
708,"N137","V3;V8","Insider Threat","Privilege Escalation",6.19,1,2,"High","Compromised"
709,"N077","V4;V6","Insider Threat","Privilege Escalation",7.21,1,2,"High","Propagating"
710,"N003","V10","APT","Lateral Movement",8.54,0,1,"Critical","Propagating"
711,"N181","V1;V10;V9","Insider Threat","Lateral Movement",8.63,0,3,"Critical","Propagating"
712,"N161","V10;V7","Insider Threat","Data Exfiltration",3.89,1,2,"Medium","Recovered"
713,"N036","V10;V3;V4;V9","Ransomware","Data Exfiltration",3.91,1,4,"Medium","Propagating"
714,"N003","V10;V2;V3;V5","Malware","Data Exfiltration",0.26,1,4,"Low","Propagating"
715,"N107","V10;V2;V3;V6","APT","Data Exfiltration",6.08,1,4,"High","Safe"
716,"N109","V8;V9","APT","Privilege Escalation",3.62,0,2,"Medium","Propagating"
717,"N188","V1;V10;V7;V8","Ransomware","Data Exfiltration",5.07,1,4,"Medium","Safe"
718,"N181","V1;V10;V8","Insider Threat","Lateral Movement",5.84,0,3,"Medium","Safe"
719,"N120","V5;V9","Malware","Data Exfiltration",8.91,0,2,"Critical","Safe"
720,"N176","V2;V8","Insider Threat","Data Exfiltration",0.62,1,2,"Low","Recovered"
721,"N117","V8","APT","Data Exfiltration",7.36,1,1,"High","Recovered"
722,"N010","V10;V3;V5","Insider Threat","Data Exfiltration",7.87,1,3,"High","Compromised"
723,"N149","V8","Ransomware","Data Exfiltration",0.61,1,1,"Low","Safe"
724,"N125","V5","Malware","Lateral Movement",5.11,1,1,"Medium","Exposed"
725,"N066","V3;V5;V9","Malware","Data Exfiltration",1.2,0,3,"Low","Recovered"
726,"N045","V6;V8","Insider Threat","Data Exfiltration",2.44,0,2,"Low","Exposed"
727,"N022","V6","Ransomware","Data Exfiltration",9.35,0,1,"Critical","Safe"
728,"N113","V10;V4;V6;V7","Ransomware","Lateral Movement",5.82,1,4,"Medium","Compromised"
729,"N194","V5","Malware","Lateral Movement",1.76,1,1,"Low","Safe"
730,"N175","V4;V5;V8;V9","APT","Privilege Escalation",2.7,1,4,"Low","Recovered"
731,"N115","V5","APT","Data Exfiltration",3.23,0,1,"Medium","Compromised"
732,"N164","V9","Insider Threat","Privilege Escalation",6.14,1,1,"High","Safe"
733,"N066","V10;V2;V5","APT","Privilege Escalation",7.75,0,3,"High","Exposed"
734,"N174","V6;V9","Ransomware","Privilege Escalation",5.52,0,2,"Medium","Propagating"
735,"N106","V1","Malware","Data Exfiltration",1.13,1,1,"Low","Propagating"
736,"N050","V4;V5;V9","Malware","Lateral Movement",6.23,0,3,"High","Safe"
737,"N182","V10;V2","Malware","Lateral Movement",8.58,0,2,"Critical","Compromised"
738,"N048","V10;V2;V3;V6","Insider Threat","Privilege Escalation",4.72,0,4,"Medium","Propagating"
739,"N042","V3;V5;V6;V7","Malware","Privilege Escalation",7.79,1,4,"High","Compromised"
740,"N068","V1;V5;V6;V7","Ransomware","Privilege Escalation",0.79,0,4,"Low","Exposed"
741,"N139","V2;V3;V8;V9","APT","Lateral Movement",6.18,0,4,"High","Safe"
742,"N019","V1;V2;V5;V8","Insider Threat","Privilege Escalation",0.29,1,4,"Low","Safe"
743,"N171","V1;V10","APT","Privilege Escalation",1.6,1,2,"Low","Compromised"
744,"N112","V1;V10;V4;V8","APT","Data Exfiltration",7.83,0,4,"High","Compromised"
745,"N177","V1;V7","APT","Lateral Movement",5.72,1,2,"Medium","Exposed"
746,"N162","V1;V5;V7","Malware","Privilege Escalation",5.39,1,3,"Medium","Safe"
747,"N195","V8","Insider Threat","Data Exfiltration",2.11,0,1,"Low","Recovered"
748,"N162","V1;V4;V5;V7","Insider Threat","Privilege Escalation",0.94,1,4,"Low","Propagating"
749,"N050","V1;V3","Malware","Data Exfiltration",9.96,0,2,"Critical","Exposed"
750,"N137","V2;V4;V5;V7","APT","Lateral Movement",0.47,0,4,"Low","Propagating"
751,"N055","V1;V2;V7","APT","Data Exfiltration",8.71,0,3,"Critical","Propagating"
752,"N189","V1;V2","Ransomware","Privilege Escalation",6.57,1,2,"High","Compromised"
753,"N180","V4","Ransomware","Lateral Movement",1.81,0,1,"Low","Exposed"
754,"N152","V2;V3;V8","Malware","Lateral Movement",1.23,0,3,"Low","Compromised"
755,"N110","V4","Insider Threat","Data Exfiltration",6.82,1,1,"High","Exposed"
756,"N140","V10","Ransomware","Privilege Escalation",8.38,0,1,"Critical","Compromised"
757,"N045","V10","Insider Threat","Lateral Movement",1.3,0,1,"Low","Propagating"
758,"N063","V10;V3;V4;V6","Malware","Lateral Movement",1.09,1,4,"Low","Compromised"
759,"N021","V1;V8","Malware","Lateral Movement",1.88,0,2,"Low","Propagating"
760,"N053","V3;V7;V8","Ransomware","Data Exfiltration",2.78,1,3,"Low","Exposed"
761,"N047","V1;V3;V4;V5","APT","Data Exfiltration",9.51,1,4,"Critical","Exposed"
762,"N050","V1;V4;V7","Malware","Data Exfiltration",9.77,1,3,"Critical","Compromised"
763,"N071","V4;V8","Malware","Lateral Movement",1.22,0,2,"Low","Exposed"
764,"N012","V3;V6;V8;V9","Malware","Data Exfiltration",3.71,0,4,"Medium","Propagating"
765,"N027","V1;V5;V6;V8","Malware","Data Exfiltration",1.84,0,4,"Low","Compromised"
766,"N185","V10;V2;V8;V9","APT","Data Exfiltration",5.84,1,4,"Medium","Propagating"
767,"N200","V4;V6","Malware","Privilege Escalation",2.36,0,2,"Low","Recovered"
768,"N121","V1;V10;V4;V7","APT","Lateral Movement",8.92,0,4,"Critical","Exposed"
769,"N046","V10;V8","APT","Privilege Escalation",1.45,0,2,"Low","Safe"
770,"N033","V4;V5;V6","Malware","Data Exfiltration",5.73,1,3,"Medium","Safe"
771,"N118","V2;V8","APT","Lateral Movement",7.63,0,2,"High","Safe"
772,"N148","V10;V3;V9","Ransomware","Lateral Movement",4.18,1,3,"Medium","Compromised"
773,"N119","V10;V8","Insider Threat","Lateral Movement",7.33,0,2,"High","Propagating"
774,"N149","V6;V7","Ransomware","Data Exfiltration",9.47,0,2,"Critical","Compromised"
775,"N197","V1;V10;V6;V8","Malware","Privilege Escalation",5.36,1,4,"Medium","Compromised"
776,"N127","V8","Ransomware","Lateral Movement",5.63,0,1,"Medium","Compromised"
777,"N062","V3;V4;V6;V9","Malware","Lateral Movement",4.85,1,4,"Medium","Exposed"
778,"N117","V1;V8","APT","Lateral Movement",8.75,1,2,"Critical","Safe"
779,"N181","V6;V8","Malware","Data Exfiltration",0.8,1,2,"Low","Safe"
780,"N110","V5","Insider Threat","Data Exfiltration",9.47,0,1,"Critical","Compromised"
781,"N086","V10","Malware","Data Exfiltration",9.46,1,1,"Critical","Compromised"
782,"N099","V2","Insider Threat","Privilege Escalation",6.23,1,1,"High","Compromised"
783,"N144","V2;V3;V9","Ransomware","Lateral Movement",9.81,0,3,"Critical","Propagating"
784,"N189","V8","Ransomware","Data Exfiltration",7.63,1,1,"High","Exposed"
785,"N071","V5;V7;V9","Malware","Lateral Movement",3.79,1,3,"Medium","Exposed"
786,"N182","V10;V2;V4;V9","Insider Threat","Privilege Escalation",6.25,0,4,"High","Compromised"
787,"N021","V2;V8","APT","Lateral Movement",2.95,0,2,"Low","Safe"
788,"N071","V3","Malware","Data Exfiltration",1.56,0,1,"Low","Propagating"
789,"N076","V1;V9","APT","Data Exfiltration",5.46,0,2,"Medium","Safe"
790,"N166","V10;V6;V7;V8","Malware","Privilege Escalation",1.97,0,4,"Low","Compromised"
791,"N106","V6;V9","Insider Threat","Data Exfiltration",6.5,1,2,"High","Safe"
792,"N078","V10;V4;V8;V9","Ransomware","Privilege Escalation",1.8,1,4,"Low","Propagating"
793,"N074","V6;V8","Malware","Lateral Movement",3.6,1,2,"Medium","Compromised"
794,"N183","V10;V3","Insider Threat","Lateral Movement",9.73,0,2,"Critical","Propagating"
795,"N011","V2;V4","Insider Threat","Data Exfiltration",1.35,1,2,"Low","Propagating"
796,"N171","V1;V3;V4","Insider Threat","Privilege Escalation",1.56,1,3,"Low","Compromised"
797,"N032","V5;V9","Malware","Privilege Escalation",9.32,0,2,"Critical","Propagating"
798,"N140","V1;V10;V3;V6","Insider Threat","Data Exfiltration",7.08,1,4,"High","Propagating"
799,"N087","V10;V3;V8","Malware","Data Exfiltration",4.84,0,3,"Medium","Safe"
800,"N079","V2;V9","Malware","Privilege Escalation",6.21,0,2,"High","Exposed"
801,"N156","V1;V10;V2;V6","Ransomware","Data Exfiltration",5.31,1,4,"Medium","Propagating"
802,"N138","V1;V2","APT","Data Exfiltration",6.75,0,2,"High","Compromised"
803,"N155","V4;V5;V6;V8","Malware","Data Exfiltration",3.67,0,4,"Medium","Exposed"
804,"N073","V1;V10;V6;V7","Insider Threat","Privilege Escalation",3.15,1,4,"Medium","Propagating"
805,"N187","V4","APT","Data Exfiltration",9.93,1,1,"Critical","Propagating"
806,"N036","V3;V7;V9","Malware","Lateral Movement",2.16,1,3,"Low","Propagating"
807,"N002","V10;V2;V7","APT","Data Exfiltration",9.15,1,3,"Critical","Propagating"
808,"N182","V8;V9","Ransomware","Lateral Movement",1.94,1,2,"Low","Exposed"
809,"N078","V1;V8;V9","Insider Threat","Privilege Escalation",5.64,1,3,"Medium","Compromised"
810,"N040","V1;V10","Insider Threat","Privilege Escalation",9.56,1,2,"Critical","Propagating"
811,"N107","V5","Ransomware","Privilege Escalation",9.08,0,1,"Critical","Safe"
812,"N196","V2","Insider Threat","Privilege Escalation",9.94,0,1,"Critical","Safe"
813,"N067","V10;V7;V8","APT","Data Exfiltration",8.2,1,3,"Critical","Recovered"
814,"N042","V5","Malware","Lateral Movement",3.26,0,1,"Medium","Propagating"
815,"N093","V1;V3;V5","APT","Data Exfiltration",9.13,1,3,"Critical","Compromised"
816,"N075","V5","Malware","Data Exfiltration",2.02,0,1,"Low","Exposed"
817,"N193","V10","Ransomware","Data Exfiltration",3.29,1,1,"Medium","Compromised"
818,"N137","V2;V5;V6","Insider Threat","Lateral Movement",0.23,1,3,"Low","Safe"
819,"N042","V6;V7;V8","Malware","Lateral Movement",1.63,0,3,"Low","Propagating"
820,"N137","V10;V9","Malware","Privilege Escalation",4.66,0,2,"Medium","Exposed"
821,"N005","V3","APT","Privilege Escalation",3.18,1,1,"Medium","Safe"
822,"N196","V8;V9","Insider Threat","Lateral Movement",7.13,0,2,"High","Propagating"
823,"N033","V4","Ransomware","Data Exfiltration",2.34,0,1,"Low","Safe"
824,"N109","V2;V3","Malware","Lateral Movement",0.29,1,2,"Low","Compromised"
825,"N169","V1;V10;V2;V4","Malware","Privilege Escalation",1.28,1,4,"Low","Compromised"
826,"N078","V2","Malware","Lateral Movement",7.85,0,1,"High","Compromised"
827,"N008","V3;V6","Malware","Lateral Movement",8.47,1,2,"Critical","Safe"
828,"N130","V3;V4;V6","Malware","Lateral Movement",8.21,0,3,"Critical","Safe"
829,"N044","V4;V5","Malware","Data Exfiltration",1.08,0,2,"Low","Safe"
830,"N028","V10;V3;V6;V8","Ransomware","Privilege Escalation",9.81,1,4,"Critical","Compromised"
831,"N105","V4;V9","Malware","Privilege Escalation",1.32,0,2,"Low","Recovered"
832,"N181","V6;V8","Insider Threat","Data Exfiltration",7.25,0,2,"High","Propagating"
833,"N073","V2;V7;V8","APT","Data Exfiltration",7.39,1,3,"High","Compromised"
834,"N075","V7;V9","APT","Lateral Movement",8.58,1,2,"Critical","Safe"
835,"N173","V1;V3;V8","Malware","Privilege Escalation",4.44,0,3,"Medium","Propagating"
836,"N102","V3","APT","Data Exfiltration",5.95,0,1,"Medium","Safe"
837,"N051","V2;V6","Insider Threat","Lateral Movement",5.99,1,2,"Medium","Propagating"
838,"N109","V4","APT","Privilege Escalation",7.67,1,1,"High","Exposed"
839,"N131","V4;V6;V7;V8","Insider Threat","Lateral Movement",7.7,0,4,"High","Compromised"
840,"N126","V5","APT","Lateral Movement",6.32,0,1,"High","Exposed"
841,"N189","V2","Malware","Lateral Movement",5.03,0,1,"Medium","Exposed"
842,"N040","V6;V7","Insider Threat","Data Exfiltration",6.27,0,2,"High","Propagating"
843,"N128","V4;V5;V6;V8","APT","Data Exfiltration",2.69,1,4,"Low","Safe"
844,"N111","V1","Malware","Privilege Escalation",4.56,1,1,"Medium","Safe"
845,"N143","V1;V2;V8;V9","Insider Threat","Data Exfiltration",1.73,1,4,"Low","Propagating"
846,"N125","V5;V7","Malware","Data Exfiltration",6.78,1,2,"High","Compromised"
847,"N068","V1;V3;V4;V9","APT","Data Exfiltration",9.71,1,4,"Critical","Propagating"
848,"N152","V1;V6;V9","Malware","Lateral Movement",8.39,1,3,"Critical","Propagating"
849,"N098","V6","Malware","Privilege Escalation",3.52,1,1,"Medium","Safe"
850,"N061","V1;V2;V4;V6","Insider Threat","Data Exfiltration",0.94,0,4,"Low","Safe"
851,"N006","V2;V3;V6","Insider Threat","Lateral Movement",4.66,1,3,"Medium","Safe"
852,"N006","V1;V10;V5;V8","Insider Threat","Privilege Escalation",5.75,1,4,"Medium","Propagating"
853,"N026","V8","Ransomware","Privilege Escalation",5.02,1,1,"Medium","Propagating"
854,"N094","V10;V5","APT","Lateral Movement",5.02,0,2,"Medium","Compromised"
855,"N013","V10;V5","Insider Threat","Data Exfiltration",4.08,0,2,"Medium","Compromised"
856,"N025","V10","Insider Threat","Privilege Escalation",0.77,1,1,"Low","Exposed"
857,"N078","V2;V4;V6;V9","Insider Threat","Privilege Escalation",6.67,1,4,"High","Safe"
858,"N065","V10;V7","APT","Data Exfiltration",7.66,0,2,"High","Exposed"
859,"N048","V9","APT","Lateral Movement",6.64,1,1,"High","Propagating"
860,"N134","V1;V7;V9","Ransomware","Privilege Escalation",4.68,0,3,"Medium","Propagating"
861,"N106","V5;V7","Insider Threat","Lateral Movement",6.38,1,2,"High","Propagating"
862,"N176","V10;V3;V5","Ransomware","Privilege Escalation",2.46,0,3,"Low","Safe"
863,"N080","V1;V4","APT","Privilege Escalation",5.64,1,2,"Medium","Exposed"
864,"N035","V1;V3;V4;V8","Malware","Privilege Escalation",7.92,1,4,"High","Compromised"
865,"N006","V1;V8","Malware","Lateral Movement",3.21,1,2,"Medium","Safe"
866,"N094","V7","Malware","Privilege Escalation",9.44,0,1,"Critical","Compromised"
867,"N031","V2;V9","Insider Threat","Privilege Escalation",8.86,0,2,"Critical","Exposed"
868,"N085","V6","APT","Data Exfiltration",7.47,1,1,"High","Propagating"
869,"N045","V2;V3","Ransomware","Privilege Escalation",4.45,1,2,"Medium","Propagating"
870,"N137","V8","Insider Threat","Data Exfiltration",9.49,1,1,"Critical","Compromised"
871,"N038","V4;V5;V7;V8","Insider Threat","Privilege Escalation",7.19,1,4,"High","Propagating"
872,"N009","V10","Malware","Data Exfiltration",9.18,0,1,"Critical","Exposed"
873,"N164","V5;V7;V9","Insider Threat","Data Exfiltration",1.31,0,3,"Low","Propagating"
874,"N078","V1;V10;V3;V7","Malware","Lateral Movement",3.04,0,4,"Medium","Recovered"
875,"N021","V1;V3;V6;V7","APT","Privilege Escalation",7.4,1,4,"High","Exposed"
876,"N017","V2;V3;V5;V8","Insider Threat","Privilege Escalation",6.06,1,4,"High","Propagating"
877,"N114","V1;V10;V3;V6","Ransomware","Lateral Movement",4.07,1,4,"Medium","Safe"
878,"N041","V10;V2;V9","Ransomware","Data Exfiltration",7.16,0,3,"High","Safe"
879,"N189","V6;V7;V8;V9","Ransomware","Privilege Escalation",1.82,1,4,"Low","Recovered"
880,"N095","V2;V4;V7","Ransomware","Privilege Escalation",8.78,0,3,"Critical","Propagating"
881,"N143","V1","Ransomware","Lateral Movement",9.74,0,1,"Critical","Propagating"
882,"N159","V1;V3;V7","APT","Data Exfiltration",2.68,0,3,"Low","Safe"
883,"N184","V1;V2;V3","APT","Privilege Escalation",8.29,1,3,"Critical","Safe"
884,"N183","V4","Ransomware","Lateral Movement",9.47,1,1,"Critical","Exposed"
885,"N111","V3;V7;V8","Ransomware","Data Exfiltration",2.23,1,3,"Low","Compromised"
886,"N105","V3;V7","Ransomware","Lateral Movement",2.97,1,2,"Low","Propagating"
887,"N064","V10;V8","Insider Threat","Data Exfiltration",6.87,1,2,"High","Exposed"
888,"N121","V1","Ransomware","Privilege Escalation",9.75,1,1,"Critical","Safe"
889,"N189","V10;V7","Insider Threat","Lateral Movement",1.04,0,2,"Low","Compromised"
890,"N061","V6","APT","Privilege Escalation",9.97,0,1,"Critical","Safe"
891,"N130","V5","APT","Privilege Escalation",9.78,1,1,"Critical","Safe"
892,"N149","V1;V9","Ransomware","Privilege Escalation",1.78,1,2,"Low","Exposed"
893,"N082","V2;V3;V8","APT","Lateral Movement",2.68,1,3,"Low","Exposed"
894,"N128","V3","Insider Threat","Data Exfiltration",3.67,1,1,"Medium","Exposed"
895,"N112","V10;V5;V6","Ransomware","Privilege Escalation",7.4,1,3,"High","Propagating"
896,"N014","V8;V9","Ransomware","Lateral Movement",0.64,0,2,"Low","Compromised"
897,"N067","V8","Ransomware","Data Exfiltration",4.72,0,1,"Medium","Safe"
898,"N144","V1;V6;V8;V9","APT","Privilege Escalation",4.98,0,4,"Medium","Compromised"
899,"N024","V6","Ransomware","Privilege Escalation",1.89,0,1,"Low","Recovered"
900,"N135","V1;V10;V4","Ransomware","Privilege Escalation",9.21,0,3,"Critical","Safe"
901,"N175","V1;V2;V3;V6","Malware","Privilege Escalation",3.8,0,4,"Medium","Propagating"
902,"N118","V1;V2;V3","APT","Privilege Escalation",6.32,1,3,"High","Compromised"
903,"N012","V6","APT","Privilege Escalation",9.48,0,1,"Critical","Recovered"
904,"N083","V1;V5","Malware","Data Exfiltration",0.8,1,2,"Low","Propagating"
905,"N066","V7","Ransomware","Lateral Movement",9.65,1,1,"Critical","Exposed"
906,"N054","V1","Ransomware","Privilege Escalation",7.82,1,1,"High","Exposed"
907,"N126","V2;V5","APT","Data Exfiltration",8.08,1,2,"Critical","Safe"
908,"N095","V2;V6","Ransomware","Privilege Escalation",4.51,1,2,"Medium","Safe"
909,"N109","V2;V5;V7;V9","Insider Threat","Data Exfiltration",1.94,1,4,"Low","Compromised"
910,"N132","V1","Insider Threat","Privilege Escalation",6.8,0,1,"High","Safe"
911,"N120","V10;V2;V3;V9","APT","Lateral Movement",9.08,1,4,"Critical","Compromised"
912,"N064","V10;V3;V5","APT","Privilege Escalation",5.73,0,3,"Medium","Safe"
913,"N028","V9","APT","Privilege Escalation",1.04,1,1,"Low","Propagating"
914,"N030","V1;V2;V5","APT","Lateral Movement",7.88,1,3,"High","Compromised"
915,"N107","V2","Insider Threat","Privilege Escalation",5.91,1,1,"Medium","Propagating"
916,"N048","V10;V5;V6;V7","Ransomware","Lateral Movement",0.87,1,4,"Low","Safe"
917,"N137","V7","Malware","Lateral Movement",4.01,0,1,"Medium","Propagating"
918,"N178","V10;V8","APT","Data Exfiltration",9.66,1,2,"Critical","Propagating"
919,"N078","V10;V6;V7","Malware","Lateral Movement",1.44,0,3,"Low","Exposed"
920,"N179","V1","Ransomware","Lateral Movement",2.17,0,1,"Low","Safe"
921,"N049","V7;V9","Malware","Privilege Escalation",7.72,0,2,"High","Recovered"
922,"N040","V1;V2;V7;V8","APT","Privilege Escalation",4.77,1,4,"Medium","Compromised"
923,"N146","V4;V5","APT","Lateral Movement",3.41,0,2,"Medium","Propagating"
924,"N125","V1;V5;V7;V8","APT","Privilege Escalation",5.18,1,4,"Medium","Compromised"
925,"N005","V1;V9","APT","Data Exfiltration",3.23,0,2,"Medium","Compromised"
926,"N127","V2;V7;V8","Insider Threat","Privilege Escalation",7.01,0,3,"High","Compromised"
927,"N121","V4;V5","Insider Threat","Privilege Escalation",2.4,0,2,"Low","Safe"
928,"N076","V10;V3;V8","APT","Privilege Escalation",8.35,1,3,"Critical","Exposed"
929,"N192","V3;V4;V5;V6","Malware","Data Exfiltration",4.88,0,4,"Medium","Recovered"
930,"N026","V3;V8","APT","Privilege Escalation",3.11,0,2,"Medium","Compromised"
931,"N092","V1","Insider Threat","Privilege Escalation",6.8,0,1,"High","Compromised"
932,"N087","V2","APT","Lateral Movement",6.21,0,1,"High","Compromised"
933,"N088","V5;V8","Insider Threat","Lateral Movement",7.72,1,2,"High","Exposed"
934,"N181","V2;V9","Malware","Privilege Escalation",8.01,0,2,"Critical","Exposed"
935,"N157","V10","Malware","Data Exfiltration",0.52,0,1,"Low","Safe"
936,"N093","V2;V4","Ransomware","Data Exfiltration",2.99,1,2,"Low","Compromised"
937,"N036","V2;V3;V6;V9","Malware","Lateral Movement",4.45,1,4,"Medium","Exposed"
938,"N122","V4","Insider Threat","Privilege Escalation",5.1,0,1,"Medium","Safe"
939,"N162","V10;V6;V7","Ransomware","Lateral Movement",7.56,1,3,"High","Exposed"
940,"N106","V3;V7","APT","Privilege Escalation",9.52,1,2,"Critical","Compromised"
941,"N038","V8","Malware","Data Exfiltration",8.08,0,1,"Critical","Propagating"
942,"N081","V6","APT","Lateral Movement",4.4,1,1,"Medium","Recovered"
943,"N148","V3","Malware","Data Exfiltration",9.8,1,1,"Critical","Safe"
944,"N191","V5;V6;V7;V9","Insider Threat","Privilege Escalation",0.18,1,4,"Low","Safe"
945,"N165","V7;V8","Ransomware","Data Exfiltration",6.28,1,2,"High","Propagating"
946,"N022","V4;V5;V7","Malware","Data Exfiltration",3.41,0,3,"Medium","Safe"
947,"N134","V2;V4;V5","Insider Threat","Data Exfiltration",1.68,0,3,"Low","Safe"
948,"N130","V4;V5;V7","Malware","Data Exfiltration",0.69,1,3,"Low","Recovered"
949,"N013","V2;V6;V9","Malware","Privilege Escalation",3.05,0,3,"Medium","Exposed"
950,"N077","V3;V4;V6;V9","Insider Threat","Data Exfiltration",7.87,0,4,"High","Propagating"
951,"N133","V2;V3;V4;V9","Ransomware","Privilege Escalation",4.6,0,4,"Medium","Compromised"
952,"N109","V1;V2;V7;V9","Ransomware","Privilege Escalation",2.23,0,4,"Low","Safe"
953,"N068","V10;V7;V9","APT","Data Exfiltration",4.29,1,3,"Medium","Safe"
954,"N033","V3;V5;V7;V9","APT","Data Exfiltration",4.63,0,4,"Medium","Propagating"
955,"N009","V10;V8","Ransomware","Data Exfiltration",3.76,0,2,"Medium","Compromised"
956,"N075","V10;V2;V5;V6","Malware","Data Exfiltration",1.62,1,4,"Low","Safe"
957,"N125","V5;V6;V9","Malware","Lateral Movement",1.51,1,3,"Low","Safe"
958,"N073","V5","Ransomware","Lateral Movement",8.21,1,1,"Critical","Compromised"
959,"N141","V2","Insider Threat","Lateral Movement",8.72,1,1,"Critical","Safe"
960,"N097","V10;V3;V5;V8","APT","Data Exfiltration",8.35,0,4,"Critical","Safe"
961,"N195","V8;V9","APT","Data Exfiltration",4.55,1,2,"Medium","Safe"
962,"N171","V10","APT","Privilege Escalation",2.4,1,1,"Low","Propagating"
963,"N189","V1;V8;V9","Insider Threat","Data Exfiltration",0.98,0,3,"Low","Compromised"
964,"N162","V10","Insider Threat","Data Exfiltration",6.49,0,1,"High","Propagating"
965,"N148","V10;V9","Malware","Data Exfiltration",5.27,1,2,"Medium","Recovered"
966,"N169","V2","Ransomware","Lateral Movement",2.82,0,1,"Low","Safe"
967,"N022","V10;V8","Insider Threat","Privilege Escalation",5.93,1,2,"Medium","Compromised"
968,"N112","V6","Ransomware","Privilege Escalation",0.34,1,1,"Low","Propagating"
969,"N139","V1;V2;V5;V9","Ransomware","Privilege Escalation",1.53,1,4,"Low","Exposed"
970,"N079","V3","APT","Data Exfiltration",1.77,1,1,"Low","Safe"
971,"N077","V1;V10","APT","Lateral Movement",3.27,1,2,"Medium","Compromised"
972,"N014","V2;V5;V7","Ransomware","Lateral Movement",7.55,0,3,"High","Compromised"
973,"N069","V1;V10;V7;V9","Malware","Privilege Escalation",4.7,1,4,"Medium","Exposed"
974,"N008","V8","APT","Data Exfiltration",2.41,0,1,"Low","Safe"
975,"N196","V2;V4;V9","Ransomware","Privilege Escalation",5.73,1,3,"Medium","Recovered"
976,"N053","V9","Ransomware","Privilege Escalation",5.45,0,1,"Medium","Safe"
977,"N143","V7;V9","APT","Lateral Movement",0.11,1,2,"Low","Compromised"
978,"N124","V1;V3;V9","Insider Threat","Data Exfiltration",2.58,1,3,"Low","Propagating"
979,"N012","V4;V5;V9","Ransomware","Data Exfiltration",5.39,0,3,"Medium","Compromised"
980,"N036","V10;V2;V7","Insider Threat","Privilege Escalation",2.19,1,3,"Low","Exposed"
981,"N063","V10;V5;V8","Insider Threat","Privilege Escalation",2.19,1,3,"Low","Safe"
982,"N166","V3","Malware","Data Exfiltration",4.82,0,1,"Medium","Exposed"
983,"N179","V7;V9","APT","Privilege Escalation",5.43,0,2,"Medium","Recovered"
984,"N173","V8","Malware","Privilege Escalation",9.72,1,1,"Critical","Propagating"
985,"N032","V1;V3;V7","APT","Privilege Escalation",9.37,1,3,"Critical","Safe"
986,"N191","V4","Malware","Privilege Escalation",6.84,1,1,"High","Exposed"
987,"N184","V2;V5","Ransomware","Lateral Movement",9.8,1,2,"Critical","Compromised"
988,"N127","V5","Ransomware","Lateral Movement",2.04,1,1,"Low","Safe"
989,"N146","V5","APT","Lateral Movement",5.56,0,1,"Medium","Propagating"
990,"N033","V10","Malware","Lateral Movement",2.67,0,1,"Low","Recovered"
991,"N175","V1;V4;V5","APT","Lateral Movement",9.39,0,3,"Critical","Propagating"
992,"N032","V10;V5;V7","APT","Privilege Escalation",3.68,0,3,"Medium","Compromised"
993,"N108","V1;V5","APT","Privilege Escalation",0.15,0,2,"Low","Safe"
994,"N177","V1;V2;V4","APT","Lateral Movement",9.18,0,3,"Critical","Safe"
995,"N017","V5;V6","Malware","Lateral Movement",4.85,0,2,"Medium","Propagating"
996,"N122","V2;V4;V5","Ransomware","Privilege Escalation",8.34,1,3,"Critical","Propagating"
997,"N196","V2;V8","Malware","Data Exfiltration",4.52,0,2,"Medium","Compromised"
998,"N009","V1","APT","Privilege Escalation",8.91,0,1,"Critical","Propagating"
999,"N015","V1;V8","Insider Threat","Data Exfiltration",6.3,0,2,"High","Safe"
1000,"N144","V1","Malware","Privilege Escalation",8.51,1,1,"Critical","Exposed"
