"Record_ID","Node_ID","Vulnerabilities","Threat","Attack","Risk_Score","Compromised","Number_of_Vulnerabilities","Risk_Level","Final_Status"
1,"N190","V1","Insider Threat","Lateral Movement",2.31,0,1,"Low","Infected"
2,"N109","V10","Malware","Lateral Movement",1.03,0,1,"Low","Infected"
3,"N051","V9","APT","Lateral Movement",4.55,1,1,"Medium","Infected"
4,"N179","V3","APT","Privilege Escalation",2.85,0,1,"Low","Infected"
5,"N025","V10;V2;V7","Insider Threat","Privilege Escalation",6.08,0,3,"High","Infected"
6,"N142","V1;V2;V7;V9","Insider Threat","Data Exfiltration",6.22,1,4,"High","Infected"
7,"N170","V1;V2","Ransomware","Privilege Escalation",9.85,0,2,"Critical","Infected"
8,"N072","V7","APT","Data Exfiltration",8.36,0,1,"Critical","Infected"
9,"N180","V4;V5;V6","Malware","Data Exfiltration",6.39,0,3,"High","Infected"
10,"N070","V7;V8","Ransomware","Data Exfiltration",3.31,0,2,"Medium","Infected"
11,"N103","V1;V6","Insider Threat","Lateral Movement",2.19,1,2,"Low","Infected"
12,"N165","V7;V8","APT","Lateral Movement",2.72,0,2,"Low","Infected"
13,"N093","V10;V7;V9","Ransomware","Lateral Movement",5.14,0,3,"Medium","Infected"
14,"N040","V2","Ransomware","Data Exfiltration",4.28,0,1,"Medium","Infected"
15,"N003","V5;V7;V8;V9","Malware","Data Exfiltration",8.86,1,4,"Critical","Infected"
16,"N041","V2;V5;V7","APT","Lateral Movement",9.54,1,3,"Critical","Infected"
17,"N161","V2;V9","Insider Threat","Data Exfiltration",5.13,0,2,"Medium","Infected"
18,"N139","V3;V6","Malware","Data Exfiltration",3.31,0,2,"Medium","Infected"
19,"N079","V6","Ransomware","Lateral Movement",2.48,0,1,"Low","Infected"
20,"N018","V8","Ransomware","Lateral Movement",6.63,0,1,"High","Infected"
21,"N139","V4;V7;V9","Ransomware","Data Exfiltration",3.19,1,3,"Medium","Infected"
22,"N058","V10;V2;V8;V9","Malware","Privilege Escalation",0.31,0,4,"Low","Infected"
23,"N182","V1;V2","Malware","Lateral Movement",0.77,0,2,"Low","Infected"
24,"N072","V2;V4;V9","APT","Lateral Movement",5.44,1,3,"Medium","Infected"
25,"N049","V7;V8","Malware","Lateral Movement",6.62,1,2,"High","Infected"
26,"N168","V1;V6;V7;V8","Malware","Lateral Movement",4.09,1,4,"Medium","Infected"
27,"N050","V4","Ransomware","Data Exfiltration",4.54,1,1,"Medium","Infected"
28,"N064","V5;V8","Malware","Privilege Escalation",8.1,0,2,"Critical","Infected"
29,"N004","V9","Malware","Lateral Movement",1.75,1,1,"Low","Infected"
30,"N098","V1;V2;V4;V7","Malware","Privilege Escalation",2.73,1,4,"Low","Infected"
31,"N040","V7;V8;V9","Ransomware","Privilege Escalation",2.26,0,3,"Low","Infected"
32,"N015","V6","Malware","Data Exfiltration",4.82,0,1,"Medium","Infected"
33,"N021","V9","Ransomware","Lateral Movement",5.99,0,1,"Medium","Infected"
34,"N021","V1;V2;V4;V5","APT","Data Exfiltration",5.88,1,4,"Medium","Infected"
35,"N068","V10;V4;V6","APT","Lateral Movement",6.75,1,3,"High","Infected"
36,"N160","V1;V2;V4;V6","Malware","Lateral Movement",5.42,1,4,"Medium","Infected"
37,"N063","V2;V6","Insider Threat","Privilege Escalation",1.66,1,2,"Low","Infected"
38,"N077","V9","Malware","Lateral Movement",2.72,0,1,"Low","Infected"
39,"N155","V10;V5","Ransomware","Data Exfiltration",3.49,1,2,"Medium","Infected"
40,"N109","V1;V2;V5;V6","Insider Threat","Lateral Movement",0.14,0,4,"Low","Infected"
41,"N144","V3;V7;V8","Malware","Lateral Movement",0.84,0,3,"Low","Infected"
42,"N150","V6","Ransomware","Privilege Escalation",1.36,1,1,"Low","Infected"
43,"N175","V1;V4;V6","Ransomware","Data Exfiltration",1.12,1,3,"Low","Infected"
44,"N046","V3;V4","APT","Lateral Movement",1.88,1,2,"Low","Infected"
45,"N180","V3;V4;V5;V7","Malware","Privilege Escalation",8.73,1,4,"Critical","Infected"
46,"N090","V4;V8","Insider Threat","Lateral Movement",2.31,0,2,"Low","Infected"
47,"N072","V2;V5;V6;V7","Insider Threat","Data Exfiltration",5.14,1,4,"Medium","Infected"
48,"N067","V2","Ransomware","Data Exfiltration",9.63,1,1,"Critical","Infected"
49,"N153","V2","APT","Privilege Escalation",7.31,1,1,"High","Infected"
50,"N148","V10;V2;V4;V9","Ransomware","Privilege Escalation",0.54,1,4,"Low","Infected"
51,"N138","V9","Ransomware","Privilege Escalation",4.37,1,1,"Medium","Infected"
52,"N171","V2;V5;V9","APT","Privilege Escalation",4.08,1,3,"Medium","Infected"
53,"N171","V4;V7","APT","Data Exfiltration",7.51,0,2,"High","Infected"
54,"N078","V1;V7;V9","Insider Threat","Lateral Movement",4.36,1,3,"Medium","Infected"
55,"N122","V10;V4;V5;V8","Ransomware","Data Exfiltration",0.94,1,4,"Low","Infected"
56,"N173","V4","Insider Threat","Lateral Movement",8.08,0,1,"Critical","Infected"
57,"N063","V1","APT","Data Exfiltration",8.51,0,1,"Critical","Infected"
58,"N103","V10;V4;V7;V9","Ransomware","Lateral Movement",6.59,0,4,"High","Infected"
59,"N057","V7","Ransomware","Data Exfiltration",5.23,0,1,"Medium","Infected"
60,"N035","V2;V8","APT","Data Exfiltration",5.36,1,2,"Medium","Infected"
61,"N141","V10;V7;V8;V9","APT","Lateral Movement",7.46,1,4,"High","Infected"
62,"N200","V10;V4;V5;V7","APT","Data Exfiltration",2.47,1,4,"Low","Infected"
63,"N061","V5","Insider Threat","Privilege Escalation",3.27,0,1,"Medium","Infected"
64,"N099","V3;V4","Ransomware","Data Exfiltration",2.22,1,2,"Low","Infected"
65,"N016","V4;V6;V8;V9","Ransomware","Privilege Escalation",3.96,0,4,"Medium","Infected"
66,"N193","V1;V3;V6;V8","APT","Privilege Escalation",5.43,0,4,"Medium","Infected"
67,"N008","V10;V4;V5;V7","APT","Privilege Escalation",6.72,1,4,"High","Infected"
68,"N160","V3;V8","Malware","Privilege Escalation",5.96,0,2,"Medium","Infected"
69,"N035","V7","APT","Lateral Movement",0.6,1,1,"Low","Infected"
70,"N087","V4;V6;V8","APT","Privilege Escalation",7.54,1,3,"High","Infected"
71,"N192","V1;V2;V8","Malware","Privilege Escalation",2.32,0,3,"Low","Infected"
72,"N064","V1","Ransomware","Lateral Movement",6.25,0,1,"High","Infected"
73,"N145","V2;V8","Ransomware","Privilege Escalation",7.02,1,2,"High","Infected"
74,"N200","V10;V2","Ransomware","Privilege Escalation",1.17,0,2,"Low","Infected"
75,"N184","V10;V7;V9","Ransomware","Lateral Movement",5.96,0,3,"Medium","Infected"
76,"N176","V5","Malware","Data Exfiltration",7.85,1,1,"High","Infected"
77,"N108","V1;V10;V2;V6","APT","Lateral Movement",4.39,1,4,"Medium","Infected"
78,"N134","V10;V3;V6;V7","Insider Threat","Data Exfiltration",8.1,1,4,"Critical","Infected"
79,"N063","V10;V5;V6;V7","Malware","Privilege Escalation",8.83,0,4,"Critical","Infected"
80,"N127","V1;V10;V6;V7","Insider Threat","Lateral Movement",4.93,1,4,"Medium","Infected"
81,"N143","V5;V6;V9","Malware","Data Exfiltration",9.49,0,3,"Critical","Infected"
82,"N143","V7;V8","Ransomware","Data Exfiltration",4.81,1,2,"Medium","Infected"
83,"N104","V1;V2;V5;V9","Ransomware","Privilege Escalation",6.67,1,4,"High","Infected"
84,"N191","V10;V4;V6;V9","Insider Threat","Privilege Escalation",7.06,1,4,"High","Infected"
85,"N185","V2;V4;V5","Ransomware","Privilege Escalation",1.28,0,3,"Low","Infected"
86,"N071","V4;V8","Insider Threat","Lateral Movement",8.34,1,2,"Critical","Infected"
87,"N078","V3;V6","Malware","Data Exfiltration",5.39,1,2,"Medium","Infected"
88,"N142","V1","Insider Threat","Data Exfiltration",9.45,1,1,"Critical","Infected"
89,"N147","V1","Insider Threat","Privilege Escalation",4.84,1,1,"Medium","Infected"
90,"N123","V1;V5","Malware","Lateral Movement",4.07,0,2,"Medium","Infected"
91,"N039","V3","Insider Threat","Lateral Movement",9.94,0,1,"Critical","Infected"
92,"N114","V10;V4;V7;V9","Insider Threat","Data Exfiltration",9.9,1,4,"Critical","Infected"
93,"N190","V10","Malware","Lateral Movement",6.29,1,1,"High","Infected"
94,"N062","V3","Ransomware","Data Exfiltration",0.84,0,1,"Low","Infected"
95,"N060","V1;V10;V5;V8","Insider Threat","Data Exfiltration",2.9,1,4,"Low","Infected"
96,"N068","V4","Ransomware","Privilege Escalation",1.24,0,1,"Low","Infected"
97,"N019","V3;V5","Malware","Lateral Movement",7.95,1,2,"High","Infected"
98,"N104","V2;V5;V6;V8","Insider Threat","Data Exfiltration",5.45,1,4,"Medium","Infected"
99,"N011","V10","APT","Data Exfiltration",3.29,1,1,"Medium","Infected"
100,"N059","V2","Malware","Data Exfiltration",8.23,0,1,"Critical","Infected"
101,"N167","V8;V9","APT","Privilege Escalation",1.9,1,2,"Low","Infected"
102,"N086","V2;V4;V6;V8","Insider Threat","Data Exfiltration",1.14,0,4,"Low","Infected"
103,"N170","V5;V7;V8","APT","Data Exfiltration",0.46,0,3,"Low","Infected"
104,"N198","V2;V5;V6","APT","Data Exfiltration",8.27,0,3,"Critical","Infected"
105,"N093","V1;V4;V5;V7","APT","Data Exfiltration",4.48,0,4,"Medium","Infected"
106,"N034","V5;V9","Insider Threat","Privilege Escalation",8.82,1,2,"Critical","Infected"
107,"N162","V1","Ransomware","Data Exfiltration",1.67,0,1,"Low","Infected"
108,"N031","V10;V2;V4;V9","Ransomware","Privilege Escalation",9.33,1,4,"Critical","Infected"
109,"N063","V7;V8;V9","APT","Data Exfiltration",1.53,0,3,"Low","Infected"
110,"N198","V2;V5","APT","Privilege Escalation",9.35,1,2,"Critical","Infected"
111,"N186","V5","Insider Threat","Data Exfiltration",5.84,1,1,"Medium","Infected"
112,"N124","V8;V9","Insider Threat","Privilege Escalation",5.56,1,2,"Medium","Infected"
113,"N099","V4;V5;V6;V9","Ransomware","Privilege Escalation",0.53,1,4,"Low","Infected"
114,"N033","V1;V3;V7;V8","Insider Threat","Lateral Movement",8.75,1,4,"Critical","Infected"
115,"N117","V9","Malware","Data Exfiltration",1.53,0,1,"Low","Infected"
116,"N068","V8","Insider Threat","Data Exfiltration",6.96,0,1,"High","Infected"
117,"N161","V6;V7;V9","APT","Data Exfiltration",0.46,0,3,"Low","Infected"
118,"N192","V4;V5","Malware","Privilege Escalation",9.79,0,2,"Critical","Infected"
119,"N084","V1;V3;V5;V8","Malware","Privilege Escalation",3.65,1,4,"Medium","Infected"
120,"N106","V4;V9","Ransomware","Lateral Movement",1.83,1,2,"Low","Infected"
121,"N060","V3;V8","APT","Data Exfiltration",2.61,1,2,"Low","Infected"
122,"N074","V8","Ransomware","Lateral Movement",4.47,1,1,"Medium","Infected"
123,"N078","V5;V7;V8","Ransomware","Privilege Escalation",8.55,0,3,"Critical","Infected"
124,"N148","V6;V7","Insider Threat","Data Exfiltration",3.02,1,2,"Medium","Infected"
125,"N074","V1;V10;V8","Ransomware","Data Exfiltration",8.04,0,3,"Critical","Infected"
126,"N174","V10;V5","Ransomware","Data Exfiltration",1.06,0,2,"Low","Infected"
127,"N188","V1;V6;V8","Ransomware","Lateral Movement",9.11,1,3,"Critical","Infected"
128,"N139","V10;V3;V4;V7","Insider Threat","Data Exfiltration",5.07,1,4,"Medium","Infected"
129,"N076","V5;V8","Insider Threat","Lateral Movement",4.74,0,2,"Medium","Infected"
130,"N143","V4;V7","Insider Threat","Lateral Movement",7.93,0,2,"High","Infected"
131,"N095","V2;V8;V9","Insider Threat","Data Exfiltration",3.87,1,3,"Medium","Infected"
132,"N121","V4","Malware","Data Exfiltration",8.85,1,1,"Critical","Infected"
133,"N180","V2;V8","Insider Threat","Data Exfiltration",4.14,0,2,"Medium","Infected"
134,"N078","V1","APT","Lateral Movement",1.06,0,1,"Low","Infected"
135,"N191","V5;V6;V7;V8","Ransomware","Privilege Escalation",6.58,1,4,"High","Infected"
136,"N114","V1;V2;V5;V6","APT","Lateral Movement",8.57,0,4,"Critical","Infected"
137,"N102","V1;V6;V9","Insider Threat","Lateral Movement",9.69,1,3,"Critical","Infected"
138,"N165","V4","Malware","Lateral Movement",7.89,0,1,"High","Infected"
139,"N018","V10;V4","Ransomware","Data Exfiltration",2.24,0,2,"Low","Infected"
140,"N038","V1;V3;V5","Ransomware","Data Exfiltration",2.58,0,3,"Low","Infected"
141,"N034","V1","Malware","Privilege Escalation",7.92,0,1,"High","Infected"
142,"N014","V1;V3;V5","Ransomware","Data Exfiltration",4.27,0,3,"Medium","Infected"
143,"N115","V8","Insider Threat","Data Exfiltration",5.98,1,1,"Medium","Infected"
144,"N187","V1;V10","Insider Threat","Privilege Escalation",6.47,0,2,"High","Infected"
145,"N103","V8","APT","Data Exfiltration",1.17,1,1,"Low","Infected"
146,"N083","V2","Ransomware","Lateral Movement",1.35,1,1,"Low","Infected"
147,"N130","V10;V4;V5;V9","APT","Lateral Movement",7.95,0,4,"High","Infected"
148,"N059","V7;V8","APT","Privilege Escalation",8.29,1,2,"Critical","Infected"
149,"N171","V2;V3;V6;V7","Insider Threat","Privilege Escalation",9.54,1,4,"Critical","Infected"
150,"N022","V2","Malware","Privilege Escalation",1.06,1,1,"Low","Infected"
151,"N151","V1;V9","Insider Threat","Data Exfiltration",1.31,1,2,"Low","Infected"
152,"N027","V1;V3;V5;V9","Ransomware","Lateral Movement",6.6,0,4,"High","Infected"
153,"N143","V6","Insider Threat","Lateral Movement",7.65,0,1,"High","Infected"
154,"N169","V1;V10;V5;V9","Insider Threat","Lateral Movement",1.89,1,4,"Low","Infected"
155,"N037","V1;V3;V6","APT","Lateral Movement",1.5,0,3,"Low","Infected"
156,"N056","V9","APT","Privilege Escalation",4.59,0,1,"Medium","Infected"
157,"N014","V2;V5;V6","Ransomware","Lateral Movement",7.57,0,3,"High","Infected"
158,"N114","V5","APT","Privilege Escalation",6.11,1,1,"High","Infected"
159,"N089","V2;V4;V9","APT","Lateral Movement",2.9,1,3,"Low","Infected"
160,"N154","V1;V4;V7","Malware","Lateral Movement",2.12,0,3,"Low","Infected"
161,"N084","V10;V5","Malware","Lateral Movement",5.02,1,2,"Medium","Infected"
162,"N137","V3;V7","Ransomware","Data Exfiltration",5.63,1,2,"Medium","Infected"
163,"N190","V7","Malware","Privilege Escalation",0.29,0,1,"Low","Safe"
164,"N182","V10;V7;V9","APT","Privilege Escalation",1.24,0,3,"Low","Infected"
165,"N023","V3;V6;V8","APT","Lateral Movement",2.51,1,3,"Low","Infected"
166,"N080","V7","Insider Threat","Lateral Movement",3.4,0,1,"Medium","Infected"
167,"N163","V9","Malware","Data Exfiltration",5.15,1,1,"Medium","Infected"
168,"N038","V2;V3;V4","Insider Threat","Lateral Movement",1.82,0,3,"Low","Infected"
169,"N198","V3","APT","Privilege Escalation",7.57,1,1,"High","Infected"
170,"N018","V3;V6;V8","APT","Privilege Escalation",6.35,1,3,"High","Infected"
171,"N130","V6","Malware","Privilege Escalation",4.67,0,1,"Medium","Infected"
172,"N074","V6","Malware","Data Exfiltration",8.66,0,1,"Critical","Infected"
173,"N147","V1;V4;V8;V9","Ransomware","Privilege Escalation",6.09,0,4,"High","Infected"
174,"N027","V8","Insider Threat","Data Exfiltration",0.93,0,1,"Low","Infected"
175,"N182","V4","APT","Privilege Escalation",5.29,0,1,"Medium","Infected"
176,"N105","V5;V6;V7","Insider Threat","Data Exfiltration",6.02,1,3,"High","Infected"
177,"N025","V6","APT","Privilege Escalation",2.59,0,1,"Low","Infected"
178,"N080","V2;V3;V6","APT","Lateral Movement",5.99,0,3,"Medium","Infected"
179,"N033","V6;V7;V9","Malware","Data Exfiltration",6.74,1,3,"High","Infected"
180,"N080","V6","Ransomware","Lateral Movement",3.48,1,1,"Medium","Infected"
181,"N040","V3;V4","Malware","Privilege Escalation",8.46,0,2,"Critical","Infected"
182,"N197","V6","Ransomware","Data Exfiltration",3.83,0,1,"Medium","Infected"
183,"N185","V10;V3","APT","Lateral Movement",4.17,0,2,"Medium","Infected"
184,"N137","V10;V2;V5;V8","Ransomware","Privilege Escalation",9.66,1,4,"Critical","Infected"
185,"N119","V6;V8","Insider Threat","Privilege Escalation",5.08,1,2,"Medium","Infected"
186,"N065","V3;V4","Malware","Data Exfiltration",4.86,1,2,"Medium","Infected"
187,"N032","V9","Insider Threat","Lateral Movement",7.65,1,1,"High","Infected"
188,"N057","V1;V3;V7;V9","APT","Privilege Escalation",9.31,1,4,"Critical","Infected"
189,"N129","V7","Insider Threat","Lateral Movement",3.92,0,1,"Medium","Infected"
190,"N026","V1;V4;V6","Insider Threat","Lateral Movement",1.46,1,3,"Low","Infected"
191,"N002","V3;V5;V8;V9","Malware","Lateral Movement",2.63,0,4,"Low","Infected"
192,"N032","V2;V3;V4;V5","Malware","Lateral Movement",4.26,1,4,"Medium","Infected"
193,"N128","V2","Malware","Data Exfiltration",5.2,0,1,"Medium","Infected"
194,"N001","V5;V7","Insider Threat","Lateral Movement",5.75,0,2,"Medium","Infected"
195,"N093","V9","Malware","Data Exfiltration",5.49,0,1,"Medium","Infected"
196,"N065","V1;V3;V7;V8","Malware","Privilege Escalation",7.91,1,4,"High","Infected"
197,"N035","V2;V6","Malware","Privilege Escalation",5.51,0,2,"Medium","Infected"
198,"N184","V1;V3;V8;V9","APT","Lateral Movement",3.01,0,4,"Medium","Infected"
199,"N080","V1;V6","APT","Data Exfiltration",4.79,0,2,"Medium","Infected"
200,"N200","V5;V6","Malware","Data Exfiltration",3.39,0,2,"Medium","Infected"
201,"N099","V10;V7;V8","Insider Threat","Lateral Movement",5.01,1,3,"Medium","Infected"
202,"N187","V2;V5;V9","APT","Lateral Movement",4.36,0,3,"Medium","Infected"
203,"N084","V2;V6;V9","Insider Threat","Privilege Escalation",4.51,1,3,"Medium","Infected"
204,"N115","V6;V8","Malware","Data Exfiltration",8.71,1,2,"Critical","Infected"
205,"N164","V1;V2;V5;V6","APT","Privilege Escalation",5.18,0,4,"Medium","Infected"
206,"N156","V3","APT","Lateral Movement",1.35,0,1,"Low","Infected"
207,"N155","V1;V6;V7","Ransomware","Data Exfiltration",4.55,1,3,"Medium","Infected"
208,"N136","V2;V3;V8","Insider Threat","Privilege Escalation",3.21,1,3,"Medium","Infected"
209,"N189","V1;V2","Ransomware","Privilege Escalation",5.23,0,2,"Medium","Infected"
210,"N157","V4;V5;V8","Insider Threat","Data Exfiltration",9.17,1,3,"Critical","Infected"
211,"N019","V2;V3","APT","Lateral Movement",9,1,2,"Critical","Infected"
212,"N171","V6","Insider Threat","Data Exfiltration",0.74,1,1,"Low","Infected"
213,"N131","V10;V3;V6","Ransomware","Lateral Movement",9.85,0,3,"Critical","Infected"
214,"N093","V1;V8","Insider Threat","Privilege Escalation",8.06,0,2,"Critical","Infected"
215,"N080","V2","APT","Data Exfiltration",7.22,1,1,"High","Infected"
216,"N165","V10;V2;V3;V8","Malware","Privilege Escalation",4.71,1,4,"Medium","Infected"
217,"N197","V3;V9","Ransomware","Privilege Escalation",5.08,0,2,"Medium","Infected"
218,"N040","V9","Insider Threat","Lateral Movement",1.7,0,1,"Low","Infected"
219,"N065","V2;V5;V9","Ransomware","Data Exfiltration",9.57,1,3,"Critical","Infected"
220,"N024","V5;V9","Ransomware","Data Exfiltration",9.42,0,2,"Critical","Infected"
221,"N145","V10;V6","Malware","Lateral Movement",0.9,1,2,"Low","Infected"
222,"N159","V10;V7","Malware","Privilege Escalation",8.9,1,2,"Critical","Infected"
223,"N077","V4;V7;V8","APT","Lateral Movement",6.92,0,3,"High","Infected"
224,"N088","V2;V7;V8;V9","Ransomware","Privilege Escalation",8.63,1,4,"Critical","Infected"
225,"N132","V3;V6;V7","Malware","Privilege Escalation",2.49,0,3,"Low","Infected"
226,"N025","V3;V4;V8","Malware","Privilege Escalation",9.46,1,3,"Critical","Infected"
227,"N148","V3;V6","Insider Threat","Lateral Movement",7.65,1,2,"High","Infected"
228,"N024","V1;V10;V5;V8","APT","Data Exfiltration",4.63,0,4,"Medium","Infected"
229,"N013","V10;V6","Malware","Privilege Escalation",5,1,2,"Medium","Infected"
230,"N111","V1;V2;V9","Ransomware","Privilege Escalation",7.3,1,3,"High","Infected"
231,"N146","V1;V10;V7","Ransomware","Privilege Escalation",5.58,0,3,"Medium","Infected"
232,"N160","V5;V7;V8;V9","Malware","Lateral Movement",9.75,1,4,"Critical","Infected"
233,"N194","V10;V6;V9","Ransomware","Lateral Movement",6.06,1,3,"High","Infected"
234,"N010","V1","Ransomware","Data Exfiltration",3.4,1,1,"Medium","Infected"
235,"N157","V10;V3;V8;V9","Insider Threat","Lateral Movement",3.99,1,4,"Medium","Infected"
236,"N182","V10;V8;V9","Insider Threat","Privilege Escalation",8.18,1,3,"Critical","Infected"
237,"N186","V2;V5;V7","Malware","Data Exfiltration",4.8,0,3,"Medium","Infected"
238,"N123","V10","Ransomware","Data Exfiltration",6.33,1,1,"High","Infected"
239,"N147","V1;V4","Malware","Lateral Movement",0.29,1,2,"Low","Infected"
240,"N129","V3;V4;V7;V8","APT","Data Exfiltration",7.3,0,4,"High","Infected"
241,"N170","V6;V9","APT","Data Exfiltration",3.83,0,2,"Medium","Infected"
242,"N198","V10;V6;V8;V9","Insider Threat","Data Exfiltration",4.89,0,4,"Medium","Infected"
243,"N077","V4;V5;V9","Insider Threat","Data Exfiltration",2.15,1,3,"Low","Infected"
244,"N074","V5;V6;V8","Malware","Data Exfiltration",6.8,1,3,"High","Infected"
245,"N074","V1;V3;V5;V6","Malware","Privilege Escalation",9.25,1,4,"Critical","Infected"
246,"N179","V10;V4;V5;V8","Insider Threat","Lateral Movement",1.18,0,4,"Low","Infected"
247,"N058","V1;V9","Ransomware","Lateral Movement",1.09,1,2,"Low","Infected"
248,"N041","V1;V2;V3;V5","APT","Data Exfiltration",9.36,1,4,"Critical","Infected"
249,"N166","V3;V4;V5;V6","Malware","Lateral Movement",6.56,0,4,"High","Infected"
250,"N107","V3","Ransomware","Lateral Movement",9.97,1,1,"Critical","Infected"
251,"N077","V1;V3;V5;V8","Malware","Privilege Escalation",2.92,1,4,"Low","Infected"
252,"N070","V8;V9","Ransomware","Lateral Movement",3.37,1,2,"Medium","Infected"
253,"N076","V1;V3;V6","Ransomware","Lateral Movement",6.15,1,3,"High","Infected"
254,"N172","V2;V4;V6;V9","Malware","Lateral Movement",9.82,1,4,"Critical","Infected"
255,"N099","V1;V4;V5","Ransomware","Privilege Escalation",7.56,1,3,"High","Infected"
256,"N168","V1;V10;V5","Insider Threat","Data Exfiltration",2.44,0,3,"Low","Infected"
257,"N129","V3;V5;V6;V7","Insider Threat","Data Exfiltration",1.26,1,4,"Low","Infected"
258,"N035","V10;V4;V9","APT","Lateral Movement",4.6,1,3,"Medium","Infected"
259,"N064","V4;V7;V8;V9","Malware","Data Exfiltration",4.52,1,4,"Medium","Infected"
260,"N029","V10","Malware","Data Exfiltration",9.04,0,1,"Critical","Infected"
261,"N134","V3;V6","APT","Lateral Movement",6.83,1,2,"High","Infected"
262,"N115","V9","Malware","Privilege Escalation",1.41,1,1,"Low","Infected"
263,"N079","V1;V10;V6;V8","Malware","Privilege Escalation",2.62,0,4,"Low","Infected"
264,"N012","V10;V2","APT","Privilege Escalation",7.03,0,2,"High","Infected"
265,"N009","V8","Insider Threat","Privilege Escalation",1.88,0,1,"Low","Infected"
266,"N097","V6;V7;V8;V9","APT","Lateral Movement",6.86,0,4,"High","Infected"
267,"N136","V2;V3;V7","Ransomware","Data Exfiltration",9.79,0,3,"Critical","Infected"
268,"N119","V5","APT","Data Exfiltration",3.85,0,1,"Medium","Infected"
269,"N040","V6;V8","Insider Threat","Lateral Movement",9.38,0,2,"Critical","Infected"
270,"N158","V7","Malware","Lateral Movement",2.14,0,1,"Low","Infected"
271,"N154","V8","Malware","Lateral Movement",7.43,1,1,"High","Infected"
272,"N199","V10;V4;V7;V9","Malware","Lateral Movement",5.09,1,4,"Medium","Infected"
273,"N148","V10;V6","Insider Threat","Lateral Movement",3.09,0,2,"Medium","Infected"
274,"N071","V5;V7","Malware","Data Exfiltration",9.49,0,2,"Critical","Infected"
275,"N165","V1;V3;V8;V9","APT","Data Exfiltration",3.26,1,4,"Medium","Infected"
276,"N194","V2;V3;V5;V7","APT","Lateral Movement",8.51,1,4,"Critical","Infected"
277,"N144","V1;V8","APT","Privilege Escalation",5.62,0,2,"Medium","Infected"
278,"N166","V10;V3;V4;V5","Malware","Privilege Escalation",8.49,0,4,"Critical","Infected"
279,"N097","V1;V5","Malware","Lateral Movement",1.96,0,2,"Low","Infected"
280,"N055","V1;V4;V5;V6","Ransomware","Data Exfiltration",1.26,1,4,"Low","Infected"
281,"N102","V10;V4","Ransomware","Data Exfiltration",3.28,1,2,"Medium","Infected"
282,"N067","V3;V6;V8;V9","Insider Threat","Data Exfiltration",8.84,1,4,"Critical","Infected"
283,"N195","V8","Insider Threat","Lateral Movement",3.77,1,1,"Medium","Infected"
284,"N057","V10","Ransomware","Lateral Movement",2.68,1,1,"Low","Infected"
285,"N059","V3;V4;V6","APT","Data Exfiltration",8.35,1,3,"Critical","Infected"
286,"N118","V5;V8;V9","Ransomware","Data Exfiltration",7.97,0,3,"High","Infected"
287,"N048","V8;V9","Malware","Data Exfiltration",0.43,0,2,"Low","Infected"
288,"N106","V1","Ransomware","Data Exfiltration",2.39,0,1,"Low","Infected"
289,"N130","V4","APT","Privilege Escalation",0.7,1,1,"Low","Infected"
290,"N005","V1;V10;V7;V9","Insider Threat","Data Exfiltration",9.78,0,4,"Critical","Infected"
291,"N039","V2;V3;V5;V9","Ransomware","Lateral Movement",6.24,1,4,"High","Infected"
292,"N096","V2;V5;V7","APT","Privilege Escalation",5.69,0,3,"Medium","Infected"
293,"N104","V1;V10;V2","APT","Privilege Escalation",5.57,0,3,"Medium","Infected"
294,"N022","V3","APT","Privilege Escalation",6.48,1,1,"High","Infected"
295,"N011","V9","Ransomware","Lateral Movement",9.02,1,1,"Critical","Infected"
296,"N140","V1;V2;V5","Malware","Lateral Movement",9.29,1,3,"Critical","Infected"
297,"N151","V4","Ransomware","Data Exfiltration",8.23,0,1,"Critical","Infected"
298,"N174","V3;V4;V7","Insider Threat","Privilege Escalation",7.58,0,3,"High","Infected"
299,"N191","V9","Insider Threat","Lateral Movement",1.07,0,1,"Low","Infected"
300,"N155","V6","APT","Privilege Escalation",0.39,1,1,"Low","Infected"
301,"N097","V4;V5;V6;V8","APT","Lateral Movement",6.83,1,4,"High","Infected"
302,"N076","V10","Ransomware","Data Exfiltration",0.83,1,1,"Low","Infected"
303,"N190","V3;V7","APT","Privilege Escalation",3.67,0,2,"Medium","Infected"
304,"N114","V5","Insider Threat","Privilege Escalation",1.11,0,1,"Low","Infected"
305,"N143","V7;V8","APT","Lateral Movement",0.36,1,2,"Low","Infected"
306,"N154","V10","Insider Threat","Privilege Escalation",0.22,1,1,"Low","Infected"
307,"N134","V2;V4;V5;V9","Ransomware","Data Exfiltration",3.87,0,4,"Medium","Infected"
308,"N038","V10;V5;V8","Malware","Lateral Movement",4.4,1,3,"Medium","Infected"
309,"N065","V2;V6;V8","Ransomware","Data Exfiltration",6.29,0,3,"High","Infected"
310,"N102","V1;V2;V3;V5","Insider Threat","Data Exfiltration",3.86,1,4,"Medium","Infected"
311,"N083","V3;V6;V7;V8","Ransomware","Privilege Escalation",3.21,1,4,"Medium","Infected"
312,"N084","V4;V5;V8","APT","Privilege Escalation",8.18,1,3,"Critical","Infected"
313,"N175","V2;V3;V4","Malware","Data Exfiltration",4.67,0,3,"Medium","Infected"
314,"N128","V2;V5;V6;V7","Ransomware","Data Exfiltration",3.1,1,4,"Medium","Infected"
315,"N019","V10;V7","APT","Data Exfiltration",4.84,1,2,"Medium","Infected"
316,"N138","V1;V6;V8;V9","Malware","Lateral Movement",7.71,1,4,"High","Infected"
317,"N145","V1;V10","APT","Privilege Escalation",9.66,1,2,"Critical","Infected"
318,"N026","V1","Insider Threat","Lateral Movement",5.16,0,1,"Medium","Infected"
319,"N174","V6;V7;V8;V9","Ransomware","Privilege Escalation",9.98,1,4,"Critical","Infected"
320,"N107","V5","Malware","Lateral Movement",8.33,0,1,"Critical","Infected"
321,"N053","V5;V6;V8","APT","Privilege Escalation",4.81,1,3,"Medium","Infected"
322,"N182","V1;V2;V5;V6","Malware","Lateral Movement",8.51,0,4,"Critical","Infected"
323,"N045","V4;V9","Ransomware","Privilege Escalation",5.64,1,2,"Medium","Infected"
324,"N048","V3;V7","APT","Privilege Escalation",0.39,0,2,"Low","Infected"
325,"N181","V1;V10;V7;V9","Ransomware","Lateral Movement",2.86,0,4,"Low","Infected"
326,"N048","V9","Insider Threat","Privilege Escalation",2.05,0,1,"Low","Infected"
327,"N153","V6;V8;V9","APT","Data Exfiltration",3.99,0,3,"Medium","Infected"
328,"N173","V3;V6;V8","Insider Threat","Data Exfiltration",5.94,0,3,"Medium","Infected"
329,"N030","V2;V4;V5","Ransomware","Privilege Escalation",6.97,1,3,"High","Infected"
330,"N048","V10;V3;V4;V7","APT","Data Exfiltration",5.42,0,4,"Medium","Infected"
331,"N036","V5;V8","Ransomware","Privilege Escalation",8.44,0,2,"Critical","Infected"
332,"N050","V1;V3;V8","APT","Data Exfiltration",5.1,1,3,"Medium","Infected"
333,"N043","V10;V4;V7;V8","Malware","Data Exfiltration",0.41,0,4,"Low","Infected"
334,"N138","V1;V4;V5","Insider Threat","Lateral Movement",7.83,1,3,"High","Infected"
335,"N030","V10","Insider Threat","Data Exfiltration",8.25,1,1,"Critical","Infected"
336,"N140","V8","Ransomware","Privilege Escalation",1.11,0,1,"Low","Infected"
337,"N090","V1;V5;V8","Malware","Privilege Escalation",8.67,0,3,"Critical","Infected"
338,"N182","V4;V6","APT","Lateral Movement",6.2,0,2,"High","Infected"
339,"N137","V1;V6","Insider Threat","Data Exfiltration",5.43,1,2,"Medium","Infected"
340,"N035","V10;V2;V5","APT","Lateral Movement",9.93,0,3,"Critical","Infected"
341,"N183","V3;V4","Insider Threat","Lateral Movement",7.64,1,2,"High","Infected"
342,"N116","V3;V4;V5;V7","Malware","Data Exfiltration",7.97,0,4,"High","Infected"
343,"N125","V4;V5;V6;V9","Insider Threat","Data Exfiltration",0.12,0,4,"Low","Safe"
344,"N110","V2;V6;V7;V9","Ransomware","Privilege Escalation",2.76,1,4,"Low","Infected"
345,"N088","V3;V8;V9","Malware","Lateral Movement",1.09,1,3,"Low","Infected"
346,"N041","V2","APT","Privilege Escalation",0.11,1,1,"Low","Infected"
347,"N041","V3;V5","Insider Threat","Lateral Movement",6.58,1,2,"High","Infected"
348,"N171","V6","Ransomware","Lateral Movement",4.02,1,1,"Medium","Infected"
349,"N181","V2;V7","Malware","Lateral Movement",2.21,0,2,"Low","Infected"
350,"N133","V10;V4","APT","Lateral Movement",0.18,1,2,"Low","Infected"
351,"N178","V7","Ransomware","Privilege Escalation",0.8,1,1,"Low","Infected"
352,"N027","V2","Insider Threat","Privilege Escalation",8.82,0,1,"Critical","Infected"
353,"N145","V10;V2;V3;V5","Malware","Data Exfiltration",6.54,1,4,"High","Infected"
354,"N158","V3;V4;V7","APT","Lateral Movement",0.96,0,3,"Low","Infected"
355,"N090","V2;V7","APT","Privilege Escalation",7.93,0,2,"High","Infected"
356,"N200","V2;V4;V5","Malware","Data Exfiltration",8.77,0,3,"Critical","Infected"
357,"N166","V5;V7","Malware","Lateral Movement",5,0,2,"Medium","Infected"
358,"N136","V2;V8","Malware","Privilege Escalation",9.35,0,2,"Critical","Infected"
359,"N175","V10;V5;V6;V7","Ransomware","Privilege Escalation",9.55,0,4,"Critical","Infected"
360,"N018","V10","Malware","Privilege Escalation",2.24,0,1,"Low","Infected"
361,"N180","V4;V5;V7;V9","APT","Lateral Movement",6.44,0,4,"High","Infected"
362,"N131","V10;V2;V5","Ransomware","Lateral Movement",5.41,1,3,"Medium","Infected"
363,"N179","V5","APT","Data Exfiltration",9.54,0,1,"Critical","Infected"
364,"N023","V4","APT","Lateral Movement",4.59,0,1,"Medium","Infected"
365,"N182","V1;V2;V3","Ransomware","Data Exfiltration",0.21,1,3,"Low","Infected"
366,"N043","V10;V5;V9","Insider Threat","Lateral Movement",7.52,1,3,"High","Infected"
367,"N086","V1","APT","Privilege Escalation",5.29,1,1,"Medium","Infected"
368,"N117","V8","Insider Threat","Lateral Movement",5.05,0,1,"Medium","Infected"
369,"N147","V2;V3;V5","Malware","Lateral Movement",7.43,0,3,"High","Infected"
370,"N063","V1","Malware","Privilege Escalation",3.7,0,1,"Medium","Infected"
371,"N183","V1;V9","APT","Lateral Movement",3.29,1,2,"Medium","Infected"
372,"N031","V2;V5;V6","Malware","Lateral Movement",2.31,0,3,"Low","Infected"
373,"N080","V2;V5;V7;V8","Insider Threat","Lateral Movement",5.58,0,4,"Medium","Infected"
374,"N190","V4;V5;V9","Ransomware","Privilege Escalation",3.75,1,3,"Medium","Infected"
375,"N039","V4;V9","Malware","Privilege Escalation",0.34,1,2,"Low","Infected"
376,"N001","V6","APT","Data Exfiltration",7.3,0,1,"High","Infected"
377,"N108","V4;V9","APT","Lateral Movement",9.73,0,2,"Critical","Infected"
378,"N134","V1;V2;V4","APT","Data Exfiltration",8.97,1,3,"Critical","Infected"
379,"N025","V10","Ransomware","Data Exfiltration",8.22,0,1,"Critical","Infected"
380,"N170","V7","Ransomware","Lateral Movement",2.99,1,1,"Low","Infected"
381,"N060","V10;V3;V6;V8","Malware","Lateral Movement",1.45,0,4,"Low","Infected"
382,"N116","V2;V3","APT","Privilege Escalation",4.12,1,2,"Medium","Infected"
383,"N119","V5;V8","Insider Threat","Lateral Movement",1,1,2,"Low","Infected"
384,"N084","V4","Ransomware","Lateral Movement",7.14,1,1,"High","Infected"
385,"N045","V1;V3;V5;V9","Malware","Privilege Escalation",8.56,0,4,"Critical","Infected"
386,"N027","V8","Ransomware","Lateral Movement",0.22,0,1,"Low","Infected"
387,"N096","V4;V7","Malware","Data Exfiltration",5.9,0,2,"Medium","Infected"
388,"N051","V2","APT","Lateral Movement",1.01,1,1,"Low","Infected"
389,"N119","V1","Malware","Lateral Movement",9.25,1,1,"Critical","Infected"
390,"N110","V1;V6;V7;V8","Ransomware","Privilege Escalation",2.23,0,4,"Low","Infected"
391,"N009","V3;V5;V8","Ransomware","Data Exfiltration",3.02,1,3,"Medium","Infected"
392,"N036","V1;V2;V4;V5","APT","Lateral Movement",6.46,0,4,"High","Infected"
393,"N183","V7","Insider Threat","Privilege Escalation",5.49,1,1,"Medium","Infected"
394,"N100","V10;V6;V9","Insider Threat","Lateral Movement",0.36,0,3,"Low","Infected"
395,"N015","V5","APT","Data Exfiltration",3.64,0,1,"Medium","Infected"
396,"N169","V2;V4","Ransomware","Privilege Escalation",5.38,0,2,"Medium","Infected"
397,"N091","V10;V7","Ransomware","Lateral Movement",2.44,1,2,"Low","Infected"
398,"N146","V1;V10;V6","Ransomware","Data Exfiltration",9.49,1,3,"Critical","Infected"
399,"N024","V1;V3;V8","Malware","Lateral Movement",6.06,0,3,"High","Infected"
400,"N034","V1;V4;V6;V7","Insider Threat","Data Exfiltration",1.86,1,4,"Low","Infected"
401,"N038","V1","Ransomware","Lateral Movement",8.48,1,1,"Critical","Infected"
402,"N181","V6","APT","Data Exfiltration",1.1,1,1,"Low","Infected"
403,"N164","V10;V3;V7","APT","Data Exfiltration",3.24,1,3,"Medium","Infected"
404,"N097","V10;V3","Insider Threat","Data Exfiltration",6.92,0,2,"High","Infected"
405,"N198","V1;V7","Malware","Lateral Movement",6.06,0,2,"High","Infected"
406,"N037","V8","Insider Threat","Data Exfiltration",0.87,1,1,"Low","Infected"
407,"N115","V2;V3;V6","Malware","Privilege Escalation",2.18,0,3,"Low","Infected"
408,"N013","V1;V2;V5","APT","Privilege Escalation",7.35,0,3,"High","Infected"
409,"N097","V5;V6;V7;V8","Malware","Privilege Escalation",7.91,0,4,"High","Infected"
410,"N009","V2;V8","Insider Threat","Lateral Movement",3.26,0,2,"Medium","Infected"
411,"N044","V6","APT","Lateral Movement",7.35,0,1,"High","Infected"
412,"N111","V1;V10;V8","Ransomware","Data Exfiltration",8.91,0,3,"Critical","Infected"
413,"N085","V2","Ransomware","Lateral Movement",4.15,1,1,"Medium","Infected"
414,"N013","V2;V4;V5","APT","Data Exfiltration",5.54,1,3,"Medium","Infected"
415,"N001","V1;V6","APT","Lateral Movement",3.02,1,2,"Medium","Infected"
416,"N053","V1;V2","Ransomware","Data Exfiltration",2.99,0,2,"Low","Infected"
417,"N126","V2;V4;V5;V7","Insider Threat","Lateral Movement",6.45,1,4,"High","Infected"
418,"N095","V6;V7","Ransomware","Privilege Escalation",0.54,1,2,"Low","Infected"
419,"N016","V10;V4;V5;V8","Ransomware","Data Exfiltration",6.71,0,4,"High","Infected"
420,"N142","V4;V7;V9","Malware","Privilege Escalation",8.2,1,3,"Critical","Infected"
421,"N021","V10;V3;V4;V8","APT","Data Exfiltration",0.44,0,4,"Low","Infected"
422,"N045","V8","Ransomware","Lateral Movement",8.1,0,1,"Critical","Infected"
423,"N021","V7","APT","Lateral Movement",9.97,0,1,"Critical","Infected"
424,"N100","V2;V6;V9","APT","Data Exfiltration",3.33,1,3,"Medium","Infected"
425,"N107","V1;V10;V7;V9","Ransomware","Lateral Movement",5.71,0,4,"Medium","Infected"
426,"N200","V10","Malware","Privilege Escalation",8.69,1,1,"Critical","Infected"
427,"N156","V10;V5;V7;V8","APT","Lateral Movement",1.8,1,4,"Low","Infected"
428,"N010","V10;V7","APT","Privilege Escalation",6.94,0,2,"High","Infected"
429,"N078","V1;V3;V5;V6","Insider Threat","Privilege Escalation",8.44,0,4,"Critical","Infected"
430,"N191","V3;V5","APT","Privilege Escalation",2.77,1,2,"Low","Infected"
431,"N114","V4","Ransomware","Privilege Escalation",7.44,1,1,"High","Infected"
432,"N041","V9","Malware","Privilege Escalation",7.12,1,1,"High","Infected"
433,"N045","V1;V9","Ransomware","Lateral Movement",8.39,0,2,"Critical","Infected"
434,"N013","V8","Insider Threat","Data Exfiltration",2.07,1,1,"Low","Infected"
435,"N008","V2;V6;V7;V9","Ransomware","Privilege Escalation",4.94,1,4,"Medium","Infected"
436,"N090","V8;V9","Insider Threat","Lateral Movement",8.39,1,2,"Critical","Infected"
437,"N008","V5","APT","Lateral Movement",1.71,0,1,"Low","Infected"
438,"N069","V10;V4","APT","Data Exfiltration",0.3,0,2,"Low","Infected"
439,"N065","V1;V10;V2;V3","Insider Threat","Data Exfiltration",9.67,1,4,"Critical","Infected"
440,"N056","V3;V6;V7;V8","APT","Privilege Escalation",6.8,1,4,"High","Infected"
441,"N131","V1","Insider Threat","Data Exfiltration",6.51,1,1,"High","Infected"
442,"N087","V10;V2;V8","Insider Threat","Data Exfiltration",3.32,1,3,"Medium","Infected"
443,"N133","V3;V4;V5","Ransomware","Lateral Movement",8.07,1,3,"Critical","Infected"
444,"N076","V1;V3;V8","Insider Threat","Privilege Escalation",4.11,0,3,"Medium","Infected"
445,"N176","V4;V6","APT","Data Exfiltration",3.65,1,2,"Medium","Infected"
446,"N076","V3;V9","Malware","Privilege Escalation",1.37,1,2,"Low","Infected"
447,"N057","V2;V6","Insider Threat","Lateral Movement",7.47,1,2,"High","Infected"
448,"N076","V10;V5;V6;V8","APT","Lateral Movement",4.76,0,4,"Medium","Infected"
449,"N175","V2;V4;V7;V9","APT","Data Exfiltration",3.05,0,4,"Medium","Infected"
450,"N088","V3;V4","APT","Data Exfiltration",8.94,1,2,"Critical","Infected"
451,"N200","V3;V6","Malware","Privilege Escalation",3.39,0,2,"Medium","Infected"
452,"N071","V1;V10;V8","Ransomware","Lateral Movement",5.81,0,3,"Medium","Infected"
453,"N110","V2;V3;V6;V7","APT","Privilege Escalation",9.66,1,4,"Critical","Infected"
454,"N137","V1","Ransomware","Data Exfiltration",3.79,0,1,"Medium","Infected"
455,"N174","V1;V4;V9","Malware","Data Exfiltration",7.36,0,3,"High","Infected"
456,"N099","V2;V3;V5","Insider Threat","Lateral Movement",0.75,0,3,"Low","Infected"
457,"N112","V5;V6;V8","Ransomware","Privilege Escalation",9.96,1,3,"Critical","Infected"
458,"N005","V3;V4;V7","Ransomware","Lateral Movement",7.3,0,3,"High","Infected"
459,"N044","V1;V9","Malware","Privilege Escalation",7.14,0,2,"High","Infected"
460,"N013","V1;V10;V5;V9","Malware","Data Exfiltration",8.38,0,4,"Critical","Infected"
461,"N114","V7","APT","Lateral Movement",5.52,1,1,"Medium","Infected"
462,"N078","V1;V4","APT","Data Exfiltration",1.1,1,2,"Low","Infected"
463,"N131","V2;V7","Malware","Privilege Escalation",1.23,0,2,"Low","Infected"
464,"N134","V10;V4;V5;V7","Ransomware","Privilege Escalation",7.06,1,4,"High","Infected"
465,"N128","V1;V9","Ransomware","Data Exfiltration",9.34,1,2,"Critical","Infected"
466,"N172","V1;V10","Malware","Lateral Movement",8.37,1,2,"Critical","Infected"
467,"N020","V2;V9","Malware","Privilege Escalation",6.48,1,2,"High","Infected"
468,"N026","V1;V5;V8","Ransomware","Lateral Movement",8.54,1,3,"Critical","Infected"
469,"N195","V2;V7;V9","Malware","Lateral Movement",8.53,0,3,"Critical","Infected"
470,"N188","V5;V6;V8","Malware","Privilege Escalation",8.17,0,3,"Critical","Infected"
471,"N103","V7","APT","Privilege Escalation",8.37,1,1,"Critical","Infected"
472,"N186","V10;V2;V3;V6","Malware","Lateral Movement",1.13,1,4,"Low","Infected"
473,"N008","V3;V5;V6;V7","Ransomware","Privilege Escalation",9.21,0,4,"Critical","Infected"
474,"N168","V1;V2;V3;V8","Insider Threat","Lateral Movement",7.08,0,4,"High","Infected"
475,"N111","V10;V2;V9","Ransomware","Privilege Escalation",3.52,1,3,"Medium","Infected"
476,"N003","V1;V9","Ransomware","Data Exfiltration",8.5,1,2,"Critical","Infected"
477,"N083","V2;V8","Ransomware","Privilege Escalation",9.7,0,2,"Critical","Infected"
478,"N104","V7;V9","Ransomware","Lateral Movement",4.65,1,2,"Medium","Infected"
479,"N115","V8","Insider Threat","Lateral Movement",9.81,0,1,"Critical","Infected"
480,"N106","V7","Malware","Data Exfiltration",5.54,0,1,"Medium","Infected"
481,"N168","V10;V4;V9","APT","Privilege Escalation",3.7,0,3,"Medium","Infected"
482,"N144","V6;V8","APT","Data Exfiltration",6.61,1,2,"High","Infected"
483,"N195","V2","Ransomware","Lateral Movement",3.48,1,1,"Medium","Infected"
484,"N127","V1;V2;V3","Ransomware","Data Exfiltration",7.45,1,3,"High","Infected"
485,"N157","V5","Ransomware","Lateral Movement",1.3,1,1,"Low","Infected"
486,"N184","V4;V8","Insider Threat","Lateral Movement",7.6,0,2,"High","Infected"
487,"N118","V8","Ransomware","Privilege Escalation",0.14,0,1,"Low","Infected"
488,"N149","V10;V3;V6;V8","Ransomware","Data Exfiltration",8.17,0,4,"Critical","Infected"
489,"N156","V10;V4;V6;V7","Ransomware","Privilege Escalation",4.04,1,4,"Medium","Infected"
490,"N106","V3;V8;V9","Insider Threat","Data Exfiltration",5.52,1,3,"Medium","Infected"
491,"N160","V10;V4","Insider Threat","Data Exfiltration",3.52,0,2,"Medium","Infected"
492,"N178","V10;V9","Insider Threat","Data Exfiltration",1.24,1,2,"Low","Infected"
493,"N109","V10;V5;V7;V9","Malware","Data Exfiltration",1.15,1,4,"Low","Infected"
494,"N052","V1;V10","Insider Threat","Lateral Movement",9.84,1,2,"Critical","Infected"
495,"N053","V1;V5","Malware","Privilege Escalation",8.16,0,2,"Critical","Infected"
496,"N061","V7;V9","Insider Threat","Data Exfiltration",6.68,1,2,"High","Infected"
497,"N191","V1;V6;V7;V8","Insider Threat","Lateral Movement",6.24,1,4,"High","Infected"
498,"N190","V6;V9","Ransomware","Data Exfiltration",9.65,1,2,"Critical","Infected"
499,"N189","V10;V2;V3;V9","Malware","Privilege Escalation",0.5,1,4,"Low","Infected"
500,"N002","V10;V3;V5","Insider Threat","Privilege Escalation",7.13,0,3,"High","Infected"
501,"N083","V3","Malware","Data Exfiltration",6.19,1,1,"High","Infected"
502,"N182","V1;V10;V6;V9","Insider Threat","Data Exfiltration",2.28,0,4,"Low","Infected"
503,"N041","V9","APT","Data Exfiltration",5.42,0,1,"Medium","Infected"
504,"N085","V10;V4;V6","Insider Threat","Privilege Escalation",2.26,1,3,"Low","Infected"
505,"N172","V2","Insider Threat","Privilege Escalation",2.48,0,1,"Low","Infected"
506,"N098","V6","Malware","Privilege Escalation",2.64,1,1,"Low","Infected"
507,"N198","V9","Insider Threat","Data Exfiltration",8.05,1,1,"Critical","Infected"
508,"N132","V1;V3;V4;V5","Malware","Lateral Movement",1.76,0,4,"Low","Infected"
509,"N172","V4","Ransomware","Data Exfiltration",4.3,0,1,"Medium","Infected"
510,"N166","V7;V9","Malware","Data Exfiltration",6.89,0,2,"High","Infected"
511,"N014","V1;V2;V6;V9","Ransomware","Privilege Escalation",5.63,0,4,"Medium","Infected"
512,"N162","V10;V7;V8","APT","Privilege Escalation",3.23,1,3,"Medium","Infected"
513,"N002","V9","Malware","Data Exfiltration",5.9,0,1,"Medium","Infected"
514,"N176","V2;V5;V9","Insider Threat","Data Exfiltration",0.96,1,3,"Low","Infected"
515,"N137","V1;V2;V7;V8","Ransomware","Lateral Movement",7.49,1,4,"High","Infected"
516,"N003","V5;V6","Ransomware","Lateral Movement",0.51,1,2,"Low","Infected"
517,"N054","V5","Insider Threat","Lateral Movement",4.19,0,1,"Medium","Infected"
518,"N158","V3;V4","Insider Threat","Lateral Movement",1.23,0,2,"Low","Infected"
519,"N018","V2;V5;V6;V9","Insider Threat","Lateral Movement",2.05,1,4,"Low","Infected"
520,"N026","V3;V4;V6","Insider Threat","Data Exfiltration",0.79,0,3,"Low","Infected"
521,"N158","V10;V6;V8","Insider Threat","Data Exfiltration",5.88,1,3,"Medium","Infected"
522,"N081","V1;V3;V7","Ransomware","Lateral Movement",7.15,1,3,"High","Infected"
523,"N123","V10;V3;V6","APT","Privilege Escalation",3.65,1,3,"Medium","Infected"
524,"N156","V2;V3;V6;V9","Malware","Privilege Escalation",8.6,0,4,"Critical","Infected"
525,"N187","V2;V5","Malware","Lateral Movement",8.51,0,2,"Critical","Infected"
526,"N067","V1;V10;V4;V5","APT","Data Exfiltration",7.77,1,4,"High","Infected"
527,"N129","V10;V3;V4;V5","Malware","Privilege Escalation",3.7,0,4,"Medium","Infected"
528,"N194","V10;V3","Ransomware","Privilege Escalation",1.68,0,2,"Low","Infected"
529,"N125","V1;V4;V6;V7","Ransomware","Lateral Movement",2.72,0,4,"Low","Infected"
530,"N133","V4","Insider Threat","Privilege Escalation",4.75,1,1,"Medium","Infected"
531,"N167","V1","Insider Threat","Lateral Movement",7.07,1,1,"High","Infected"
532,"N097","V10;V3;V9","APT","Privilege Escalation",5.92,0,3,"Medium","Infected"
533,"N091","V10;V4;V7","Insider Threat","Privilege Escalation",7.95,0,3,"High","Infected"
534,"N059","V3;V8","Malware","Data Exfiltration",6.47,0,2,"High","Infected"
535,"N093","V10;V3","Malware","Data Exfiltration",2.38,1,2,"Low","Infected"
536,"N173","V8","APT","Privilege Escalation",2.19,0,1,"Low","Infected"
537,"N147","V1;V10;V2;V4","Ransomware","Lateral Movement",6.33,0,4,"High","Infected"
538,"N067","V1;V3","Ransomware","Data Exfiltration",9.59,0,2,"Critical","Infected"
539,"N156","V2;V4;V8","APT","Privilege Escalation",1.79,1,3,"Low","Infected"
540,"N160","V10;V3","Insider Threat","Lateral Movement",7.27,1,2,"High","Infected"
541,"N099","V10;V2;V4;V8","Ransomware","Lateral Movement",0.26,1,4,"Low","Infected"
542,"N046","V10;V2","APT","Data Exfiltration",6.04,0,2,"High","Infected"
543,"N169","V8","Ransomware","Data Exfiltration",5.44,0,1,"Medium","Infected"
544,"N012","V10;V6;V7;V9","APT","Lateral Movement",9.39,1,4,"Critical","Infected"
545,"N066","V2;V6;V7;V9","APT","Lateral Movement",9.11,0,4,"Critical","Infected"
546,"N066","V10;V7;V9","Ransomware","Lateral Movement",7.12,0,3,"High","Infected"
547,"N002","V9","APT","Data Exfiltration",2.13,1,1,"Low","Infected"
548,"N167","V2;V3;V4;V6","Insider Threat","Privilege Escalation",8.56,1,4,"Critical","Infected"
549,"N194","V10;V5;V7","Ransomware","Privilege Escalation",5.57,1,3,"Medium","Infected"
550,"N143","V6;V9","APT","Privilege Escalation",9.89,1,2,"Critical","Infected"
551,"N180","V2;V3;V4;V8","Ransomware","Lateral Movement",2.22,1,4,"Low","Infected"
552,"N100","V1;V3;V9","Malware","Lateral Movement",8.25,1,3,"Critical","Infected"
553,"N095","V10;V2;V5;V9","Malware","Data Exfiltration",0.47,1,4,"Low","Infected"
554,"N153","V10;V5;V6;V9","Malware","Lateral Movement",6.44,1,4,"High","Infected"
555,"N169","V4","Insider Threat","Lateral Movement",0.43,0,1,"Low","Infected"
556,"N062","V1;V6","Malware","Lateral Movement",0.96,1,2,"Low","Infected"
557,"N052","V5;V6;V7;V9","Malware","Data Exfiltration",7.07,0,4,"High","Infected"
558,"N071","V10;V6;V9","Ransomware","Data Exfiltration",9.63,1,3,"Critical","Infected"
559,"N105","V1;V10;V2;V5","Malware","Data Exfiltration",0.82,1,4,"Low","Infected"
560,"N138","V2;V5;V9","Insider Threat","Data Exfiltration",4.48,1,3,"Medium","Infected"
561,"N118","V4;V6;V8;V9","Malware","Privilege Escalation",1.25,0,4,"Low","Infected"
562,"N091","V10;V4;V6;V9","Malware","Data Exfiltration",8.34,0,4,"Critical","Infected"
563,"N020","V2;V6;V7","Ransomware","Privilege Escalation",3.21,0,3,"Medium","Infected"
564,"N189","V3;V4;V8","Ransomware","Lateral Movement",7.38,1,3,"High","Infected"
565,"N064","V10;V4","Insider Threat","Lateral Movement",7.81,0,2,"High","Infected"
566,"N158","V8","Malware","Data Exfiltration",9.58,1,1,"Critical","Infected"
567,"N148","V10;V6;V8","Insider Threat","Privilege Escalation",1.91,1,3,"Low","Infected"
568,"N109","V1;V3;V4;V5","APT","Data Exfiltration",0.42,1,4,"Low","Infected"
569,"N133","V2;V3;V6;V8","APT","Privilege Escalation",6.92,0,4,"High","Infected"
570,"N084","V2;V7","Insider Threat","Data Exfiltration",8.63,0,2,"Critical","Infected"
571,"N157","V4;V5;V8","Insider Threat","Privilege Escalation",1.92,1,3,"Low","Infected"
572,"N094","V6;V7","APT","Privilege Escalation",4.56,0,2,"Medium","Infected"
573,"N061","V2;V5","APT","Privilege Escalation",2.04,0,2,"Low","Infected"
574,"N035","V1;V3;V4;V7","Insider Threat","Privilege Escalation",3.07,0,4,"Medium","Infected"
575,"N066","V1;V10;V2;V3","APT","Data Exfiltration",1.05,1,4,"Low","Infected"
576,"N089","V10;V5;V6","Malware","Privilege Escalation",1.3,0,3,"Low","Infected"
577,"N084","V5;V6","APT","Data Exfiltration",4.52,0,2,"Medium","Infected"
578,"N038","V10;V5;V6;V8","Ransomware","Data Exfiltration",8.1,1,4,"Critical","Infected"
579,"N042","V1;V10;V2;V7","Insider Threat","Lateral Movement",3.2,1,4,"Medium","Infected"
580,"N114","V10;V5;V7","Insider Threat","Data Exfiltration",5.91,1,3,"Medium","Infected"
581,"N187","V1;V10;V2;V3","Ransomware","Data Exfiltration",2.59,0,4,"Low","Infected"
582,"N027","V3;V7","Malware","Lateral Movement",9.37,1,2,"Critical","Infected"
583,"N198","V1","APT","Data Exfiltration",7.67,0,1,"High","Infected"
584,"N159","V5","Ransomware","Lateral Movement",6.58,1,1,"High","Infected"
585,"N114","V10;V4;V5","Ransomware","Lateral Movement",5.31,0,3,"Medium","Infected"
586,"N170","V1","Insider Threat","Privilege Escalation",8.66,1,1,"Critical","Infected"
587,"N179","V3;V8;V9","Ransomware","Data Exfiltration",6.02,1,3,"High","Infected"
588,"N023","V4;V6;V8","APT","Privilege Escalation",3.72,1,3,"Medium","Infected"
589,"N001","V1;V5","Ransomware","Privilege Escalation",2.94,0,2,"Low","Infected"
590,"N111","V1;V5;V7;V8","Insider Threat","Data Exfiltration",2.39,0,4,"Low","Infected"
591,"N102","V4;V7;V9","Ransomware","Lateral Movement",7.18,1,3,"High","Infected"
592,"N161","V10;V2;V4;V5","Ransomware","Data Exfiltration",7.67,1,4,"High","Infected"
593,"N049","V5;V7;V9","Malware","Lateral Movement",1.45,0,3,"Low","Infected"
594,"N160","V10;V5;V6;V8","APT","Lateral Movement",3.27,0,4,"Medium","Infected"
595,"N006","V9","Ransomware","Lateral Movement",2.89,0,1,"Low","Infected"
596,"N004","V1;V2;V4;V8","APT","Lateral Movement",3.48,1,4,"Medium","Infected"
597,"N021","V1;V3;V6;V8","Ransomware","Lateral Movement",2.74,1,4,"Low","Infected"
598,"N121","V9","Ransomware","Lateral Movement",8.97,1,1,"Critical","Infected"
599,"N198","V1;V2;V4;V8","APT","Lateral Movement",7.4,0,4,"High","Infected"
600,"N134","V2;V8","Ransomware","Privilege Escalation",3.95,1,2,"Medium","Infected"
601,"N065","V1;V2;V3","APT","Data Exfiltration",3.06,1,3,"Medium","Infected"
602,"N029","V4","Ransomware","Data Exfiltration",4.4,0,1,"Medium","Infected"
603,"N102","V2;V5","Ransomware","Lateral Movement",9.69,1,2,"Critical","Infected"
604,"N064","V2;V6","Ransomware","Privilege Escalation",1,1,2,"Low","Infected"
605,"N092","V1","Ransomware","Data Exfiltration",5.41,0,1,"Medium","Infected"
606,"N082","V4;V8","Insider Threat","Privilege Escalation",7.36,0,2,"High","Infected"
607,"N125","V1;V3;V5;V6","APT","Data Exfiltration",3.02,1,4,"Medium","Infected"
608,"N140","V10;V3","Insider Threat","Privilege Escalation",7.35,1,2,"High","Infected"
609,"N040","V2;V9","APT","Privilege Escalation",8.21,1,2,"Critical","Infected"
610,"N048","V1;V6;V7;V9","Malware","Data Exfiltration",8.58,0,4,"Critical","Infected"
611,"N049","V2;V7;V9","APT","Data Exfiltration",1.63,1,3,"Low","Infected"
612,"N025","V2;V6;V7","Malware","Lateral Movement",8.37,0,3,"Critical","Infected"
613,"N028","V1;V4","APT","Lateral Movement",1.08,1,2,"Low","Infected"
614,"N057","V1;V3;V5;V9","Malware","Lateral Movement",9.31,0,4,"Critical","Infected"
615,"N143","V1;V2;V3;V8","APT","Privilege Escalation",7.96,0,4,"High","Infected"
616,"N078","V1;V2;V9","Malware","Lateral Movement",9.61,0,3,"Critical","Infected"
617,"N137","V4","APT","Lateral Movement",2.01,0,1,"Low","Infected"
618,"N107","V10;V9","Malware","Data Exfiltration",5.81,1,2,"Medium","Infected"
619,"N103","V2;V3;V5;V9","Insider Threat","Data Exfiltration",1.67,1,4,"Low","Infected"
620,"N096","V10;V6;V9","APT","Data Exfiltration",4.36,1,3,"Medium","Infected"
621,"N055","V10;V9","APT","Data Exfiltration",9.27,1,2,"Critical","Infected"
622,"N001","V10;V7;V8","Malware","Privilege Escalation",6,0,3,"Medium","Infected"
623,"N055","V1;V4;V5","Insider Threat","Lateral Movement",7.74,1,3,"High","Infected"
624,"N118","V1;V2","Insider Threat","Lateral Movement",1.47,1,2,"Low","Infected"
625,"N077","V4;V5","Malware","Data Exfiltration",4.06,0,2,"Medium","Infected"
626,"N124","V6","Ransomware","Privilege Escalation",8.27,0,1,"Critical","Infected"
627,"N200","V1;V2;V7","Malware","Privilege Escalation",3.54,1,3,"Medium","Infected"
628,"N200","V1;V2;V4;V6","APT","Lateral Movement",3.12,0,4,"Medium","Infected"
629,"N129","V3;V6;V9","Ransomware","Lateral Movement",0.6,1,3,"Low","Infected"
630,"N111","V10;V2;V8;V9","Insider Threat","Privilege Escalation",1.57,1,4,"Low","Infected"
631,"N147","V8","Malware","Data Exfiltration",4.05,0,1,"Medium","Infected"
632,"N035","V10;V3;V7;V9","APT","Data Exfiltration",2.06,1,4,"Low","Infected"
633,"N064","V10;V9","Ransomware","Lateral Movement",2.74,1,2,"Low","Infected"
634,"N172","V10;V2;V9","APT","Privilege Escalation",3.72,0,3,"Medium","Infected"
635,"N044","V1;V5;V6","Insider Threat","Data Exfiltration",8.23,1,3,"Critical","Infected"
636,"N060","V1;V8","Ransomware","Data Exfiltration",3.8,0,2,"Medium","Infected"
637,"N063","V1","Ransomware","Privilege Escalation",0.24,0,1,"Low","Infected"
638,"N085","V1;V10;V8","Ransomware","Data Exfiltration",5.43,0,3,"Medium","Infected"
639,"N178","V3;V8;V9","Malware","Privilege Escalation",5.87,0,3,"Medium","Infected"
640,"N052","V1;V3;V5","Insider Threat","Lateral Movement",4.7,0,3,"Medium","Infected"
641,"N170","V7","Insider Threat","Data Exfiltration",8.54,1,1,"Critical","Infected"
642,"N075","V1","APT","Lateral Movement",9.8,0,1,"Critical","Infected"
643,"N048","V2;V8;V9","Ransomware","Data Exfiltration",9.67,0,3,"Critical","Infected"
644,"N136","V4","Insider Threat","Privilege Escalation",4.95,0,1,"Medium","Infected"
645,"N176","V6","Insider Threat","Privilege Escalation",6.29,0,1,"High","Infected"
646,"N008","V1;V5;V7","Insider Threat","Lateral Movement",1.6,1,3,"Low","Infected"
647,"N134","V2;V7","Ransomware","Privilege Escalation",2.48,0,2,"Low","Infected"
648,"N034","V10;V5;V6;V8","Ransomware","Data Exfiltration",1.47,0,4,"Low","Infected"
649,"N035","V5;V9","APT","Lateral Movement",6.6,0,2,"High","Infected"
650,"N048","V10;V2;V9","Insider Threat","Lateral Movement",7.3,1,3,"High","Infected"
651,"N164","V5;V6;V7;V8","Insider Threat","Lateral Movement",7.81,0,4,"High","Infected"
652,"N196","V1;V3","Insider Threat","Data Exfiltration",5.71,0,2,"Medium","Infected"
653,"N092","V1;V4","Malware","Data Exfiltration",7.82,0,2,"High","Infected"
654,"N122","V3;V4;V6;V7","Ransomware","Lateral Movement",2.01,0,4,"Low","Infected"
655,"N191","V1;V2;V5;V7","Ransomware","Lateral Movement",0.75,1,4,"Low","Infected"
656,"N104","V4;V6;V8;V9","Malware","Data Exfiltration",7.38,1,4,"High","Infected"
657,"N134","V1;V7;V9","Malware","Privilege Escalation",4.62,0,3,"Medium","Infected"
658,"N102","V10;V9","Malware","Data Exfiltration",3.94,0,2,"Medium","Infected"
659,"N102","V5;V8","Insider Threat","Privilege Escalation",4.67,1,2,"Medium","Infected"
660,"N119","V1;V10;V3","APT","Lateral Movement",7.25,0,3,"High","Infected"
661,"N035","V10;V9","APT","Privilege Escalation",3.3,0,2,"Medium","Infected"
662,"N117","V4;V8","Malware","Privilege Escalation",3.31,0,2,"Medium","Infected"
663,"N030","V2","APT","Data Exfiltration",3.69,1,1,"Medium","Infected"
664,"N098","V7;V9","Malware","Lateral Movement",9.13,0,2,"Critical","Infected"
665,"N197","V10;V3","Malware","Privilege Escalation",3.15,1,2,"Medium","Infected"
666,"N052","V10;V2;V3","Malware","Data Exfiltration",7.68,0,3,"High","Infected"
667,"N127","V1;V10;V5;V8","Ransomware","Lateral Movement",5.93,1,4,"Medium","Infected"
668,"N154","V2;V5;V7;V8","Malware","Lateral Movement",8.83,1,4,"Critical","Infected"
669,"N038","V1;V3","Malware","Data Exfiltration",3.56,0,2,"Medium","Infected"
670,"N155","V10","Insider Threat","Privilege Escalation",9.21,0,1,"Critical","Infected"
671,"N046","V7","Ransomware","Data Exfiltration",2.92,0,1,"Low","Infected"
672,"N197","V1;V10;V6;V8","Insider Threat","Privilege Escalation",3.75,1,4,"Medium","Infected"
673,"N141","V7","Malware","Privilege Escalation",4.76,0,1,"Medium","Infected"
674,"N135","V6;V7;V9","Ransomware","Data Exfiltration",2.17,0,3,"Low","Infected"
675,"N187","V10","Malware","Privilege Escalation",7.27,1,1,"High","Infected"
676,"N148","V10;V5;V6;V8","Insider Threat","Lateral Movement",6.18,1,4,"High","Infected"
677,"N075","V3;V4;V6;V8","Ransomware","Lateral Movement",1.27,1,4,"Low","Infected"
678,"N158","V4","APT","Privilege Escalation",0.55,1,1,"Low","Infected"
679,"N177","V1;V4","Insider Threat","Privilege Escalation",7.92,1,2,"High","Infected"
680,"N197","V10;V6;V9","Malware","Lateral Movement",6.89,1,3,"High","Infected"
681,"N085","V1;V10;V2;V3","Insider Threat","Data Exfiltration",4.84,1,4,"Medium","Infected"
682,"N124","V3","Ransomware","Data Exfiltration",4.66,1,1,"Medium","Infected"
683,"N186","V1;V5;V7;V8","Insider Threat","Data Exfiltration",5.41,0,4,"Medium","Infected"
684,"N072","V2;V3;V6","Malware","Privilege Escalation",9.84,0,3,"Critical","Infected"
685,"N081","V2;V3;V5;V6","Malware","Privilege Escalation",4.2,1,4,"Medium","Infected"
686,"N078","V6;V8","Ransomware","Data Exfiltration",3.09,0,2,"Medium","Infected"
687,"N114","V1;V2;V4","Malware","Privilege Escalation",9.06,0,3,"Critical","Infected"
688,"N188","V6;V8","Insider Threat","Privilege Escalation",1.52,0,2,"Low","Infected"
689,"N118","V1;V4","APT","Data Exfiltration",8.66,0,2,"Critical","Infected"
690,"N012","V5","Malware","Privilege Escalation",4.72,0,1,"Medium","Infected"
691,"N197","V9","Insider Threat","Lateral Movement",5.82,1,1,"Medium","Infected"
692,"N050","V4;V6","Insider Threat","Privilege Escalation",5.37,1,2,"Medium","Infected"
693,"N039","V5","Ransomware","Privilege Escalation",1.23,0,1,"Low","Infected"
694,"N141","V6;V9","Insider Threat","Privilege Escalation",1.5,1,2,"Low","Infected"
695,"N080","V2;V3","Insider Threat","Data Exfiltration",4.49,0,2,"Medium","Infected"
696,"N173","V8","Malware","Lateral Movement",3.9,0,1,"Medium","Infected"
697,"N092","V3;V5;V7;V8","Insider Threat","Privilege Escalation",8.19,0,4,"Critical","Infected"
698,"N179","V10;V2;V3;V7","APT","Lateral Movement",4.61,1,4,"Medium","Infected"
699,"N158","V10;V3;V4;V7","Insider Threat","Privilege Escalation",3.98,1,4,"Medium","Infected"
700,"N017","V1;V10;V8","APT","Lateral Movement",3.58,1,3,"Medium","Infected"
701,"N155","V5;V6","Ransomware","Data Exfiltration",1.12,0,2,"Low","Infected"
702,"N137","V2;V5;V9","APT","Privilege Escalation",5.95,0,3,"Medium","Infected"
703,"N124","V3;V9","APT","Lateral Movement",3.47,1,2,"Medium","Infected"
704,"N170","V10;V2;V4;V6","Malware","Data Exfiltration",9.32,1,4,"Critical","Infected"
705,"N153","V10","APT","Privilege Escalation",5.6,1,1,"Medium","Infected"
706,"N018","V5;V7","Malware","Data Exfiltration",8.16,1,2,"Critical","Infected"
707,"N056","V1;V2;V8","Ransomware","Data Exfiltration",9.04,0,3,"Critical","Infected"
708,"N137","V3;V8","Insider Threat","Privilege Escalation",6.19,1,2,"High","Infected"
709,"N077","V4;V6","Insider Threat","Privilege Escalation",7.21,1,2,"High","Infected"
710,"N003","V10","APT","Lateral Movement",8.54,0,1,"Critical","Infected"
711,"N181","V1;V10;V9","Insider Threat","Lateral Movement",8.63,0,3,"Critical","Infected"
712,"N161","V10;V7","Insider Threat","Data Exfiltration",3.89,1,2,"Medium","Infected"
713,"N036","V10;V3;V4;V9","Ransomware","Data Exfiltration",3.91,1,4,"Medium","Infected"
714,"N003","V10;V2;V3;V5","Malware","Data Exfiltration",0.26,1,4,"Low","Infected"
715,"N107","V10;V2;V3;V6","APT","Data Exfiltration",6.08,1,4,"High","Infected"
716,"N109","V8;V9","APT","Privilege Escalation",3.62,0,2,"Medium","Infected"
717,"N188","V1;V10;V7;V8","Ransomware","Data Exfiltration",5.07,1,4,"Medium","Infected"
718,"N181","V1;V10;V8","Insider Threat","Lateral Movement",5.84,0,3,"Medium","Infected"
719,"N120","V5;V9","Malware","Data Exfiltration",8.91,0,2,"Critical","Infected"
720,"N176","V2;V8","Insider Threat","Data Exfiltration",0.62,1,2,"Low","Infected"
721,"N117","V8","APT","Data Exfiltration",7.36,1,1,"High","Infected"
722,"N010","V10;V3;V5","Insider Threat","Data Exfiltration",7.87,1,3,"High","Infected"
723,"N149","V8","Ransomware","Data Exfiltration",0.61,1,1,"Low","Infected"
724,"N125","V5","Malware","Lateral Movement",5.11,1,1,"Medium","Infected"
725,"N066","V3;V5;V9","Malware","Data Exfiltration",1.2,0,3,"Low","Infected"
726,"N045","V6;V8","Insider Threat","Data Exfiltration",2.44,0,2,"Low","Infected"
727,"N022","V6","Ransomware","Data Exfiltration",9.35,0,1,"Critical","Infected"
728,"N113","V10;V4;V6;V7","Ransomware","Lateral Movement",5.82,1,4,"Medium","Infected"
729,"N194","V5","Malware","Lateral Movement",1.76,1,1,"Low","Infected"
730,"N175","V4;V5;V8;V9","APT","Privilege Escalation",2.7,1,4,"Low","Infected"
731,"N115","V5","APT","Data Exfiltration",3.23,0,1,"Medium","Infected"
732,"N164","V9","Insider Threat","Privilege Escalation",6.14,1,1,"High","Infected"
733,"N066","V10;V2;V5","APT","Privilege Escalation",7.75,0,3,"High","Infected"
734,"N174","V6;V9","Ransomware","Privilege Escalation",5.52,0,2,"Medium","Infected"
735,"N106","V1","Malware","Data Exfiltration",1.13,1,1,"Low","Infected"
736,"N050","V4;V5;V9","Malware","Lateral Movement",6.23,0,3,"High","Infected"
737,"N182","V10;V2","Malware","Lateral Movement",8.58,0,2,"Critical","Infected"
738,"N048","V10;V2;V3;V6","Insider Threat","Privilege Escalation",4.72,0,4,"Medium","Infected"
739,"N042","V3;V5;V6;V7","Malware","Privilege Escalation",7.79,1,4,"High","Infected"
740,"N068","V1;V5;V6;V7","Ransomware","Privilege Escalation",0.79,0,4,"Low","Infected"
741,"N139","V2;V3;V8;V9","APT","Lateral Movement",6.18,0,4,"High","Infected"
742,"N019","V1;V2;V5;V8","Insider Threat","Privilege Escalation",0.29,1,4,"Low","Infected"
743,"N171","V1;V10","APT","Privilege Escalation",1.6,1,2,"Low","Infected"
744,"N112","V1;V10;V4;V8","APT","Data Exfiltration",7.83,0,4,"High","Infected"
745,"N177","V1;V7","APT","Lateral Movement",5.72,1,2,"Medium","Infected"
746,"N162","V1;V5;V7","Malware","Privilege Escalation",5.39,1,3,"Medium","Infected"
747,"N195","V8","Insider Threat","Data Exfiltration",2.11,0,1,"Low","Infected"
748,"N162","V1;V4;V5;V7","Insider Threat","Privilege Escalation",0.94,1,4,"Low","Infected"
749,"N050","V1;V3","Malware","Data Exfiltration",9.96,0,2,"Critical","Infected"
750,"N137","V2;V4;V5;V7","APT","Lateral Movement",0.47,0,4,"Low","Safe"
751,"N055","V1;V2;V7","APT","Data Exfiltration",8.71,0,3,"Critical","Infected"
752,"N189","V1;V2","Ransomware","Privilege Escalation",6.57,1,2,"High","Infected"
753,"N180","V4","Ransomware","Lateral Movement",1.81,0,1,"Low","Infected"
754,"N152","V2;V3;V8","Malware","Lateral Movement",1.23,0,3,"Low","Infected"
755,"N110","V4","Insider Threat","Data Exfiltration",6.82,1,1,"High","Infected"
756,"N140","V10","Ransomware","Privilege Escalation",8.38,0,1,"Critical","Infected"
757,"N045","V10","Insider Threat","Lateral Movement",1.3,0,1,"Low","Infected"
758,"N063","V10;V3;V4;V6","Malware","Lateral Movement",1.09,1,4,"Low","Infected"
759,"N021","V1;V8","Malware","Lateral Movement",1.88,0,2,"Low","Infected"
760,"N053","V3;V7;V8","Ransomware","Data Exfiltration",2.78,1,3,"Low","Infected"
761,"N047","V1;V3;V4;V5","APT","Data Exfiltration",9.51,1,4,"Critical","Infected"
762,"N050","V1;V4;V7","Malware","Data Exfiltration",9.77,1,3,"Critical","Infected"
763,"N071","V4;V8","Malware","Lateral Movement",1.22,0,2,"Low","Infected"
764,"N012","V3;V6;V8;V9","Malware","Data Exfiltration",3.71,0,4,"Medium","Infected"
765,"N027","V1;V5;V6;V8","Malware","Data Exfiltration",1.84,0,4,"Low","Infected"
766,"N185","V10;V2;V8;V9","APT","Data Exfiltration",5.84,1,4,"Medium","Infected"
767,"N200","V4;V6","Malware","Privilege Escalation",2.36,0,2,"Low","Infected"
768,"N121","V1;V10;V4;V7","APT","Lateral Movement",8.92,0,4,"Critical","Infected"
769,"N046","V10;V8","APT","Privilege Escalation",1.45,0,2,"Low","Infected"
770,"N033","V4;V5;V6","Malware","Data Exfiltration",5.73,1,3,"Medium","Infected"
771,"N118","V2;V8","APT","Lateral Movement",7.63,0,2,"High","Infected"
772,"N148","V10;V3;V9","Ransomware","Lateral Movement",4.18,1,3,"Medium","Infected"
773,"N119","V10;V8","Insider Threat","Lateral Movement",7.33,0,2,"High","Infected"
774,"N149","V6;V7","Ransomware","Data Exfiltration",9.47,0,2,"Critical","Infected"
775,"N197","V1;V10;V6;V8","Malware","Privilege Escalation",5.36,1,4,"Medium","Infected"
776,"N127","V8","Ransomware","Lateral Movement",5.63,0,1,"Medium","Infected"
777,"N062","V3;V4;V6;V9","Malware","Lateral Movement",4.85,1,4,"Medium","Infected"
778,"N117","V1;V8","APT","Lateral Movement",8.75,1,2,"Critical","Infected"
779,"N181","V6;V8","Malware","Data Exfiltration",0.8,1,2,"Low","Infected"
780,"N110","V5","Insider Threat","Data Exfiltration",9.47,0,1,"Critical","Infected"
781,"N086","V10","Malware","Data Exfiltration",9.46,1,1,"Critical","Infected"
782,"N099","V2","Insider Threat","Privilege Escalation",6.23,1,1,"High","Infected"
783,"N144","V2;V3;V9","Ransomware","Lateral Movement",9.81,0,3,"Critical","Infected"
784,"N189","V8","Ransomware","Data Exfiltration",7.63,1,1,"High","Infected"
785,"N071","V5;V7;V9","Malware","Lateral Movement",3.79,1,3,"Medium","Infected"
786,"N182","V10;V2;V4;V9","Insider Threat","Privilege Escalation",6.25,0,4,"High","Infected"
787,"N021","V2;V8","APT","Lateral Movement",2.95,0,2,"Low","Infected"
788,"N071","V3","Malware","Data Exfiltration",1.56,0,1,"Low","Infected"
789,"N076","V1;V9","APT","Data Exfiltration",5.46,0,2,"Medium","Infected"
790,"N166","V10;V6;V7;V8","Malware","Privilege Escalation",1.97,0,4,"Low","Infected"
791,"N106","V6;V9","Insider Threat","Data Exfiltration",6.5,1,2,"High","Infected"
792,"N078","V10;V4;V8;V9","Ransomware","Privilege Escalation",1.8,1,4,"Low","Infected"
793,"N074","V6;V8","Malware","Lateral Movement",3.6,1,2,"Medium","Infected"
794,"N183","V10;V3","Insider Threat","Lateral Movement",9.73,0,2,"Critical","Infected"
795,"N011","V2;V4","Insider Threat","Data Exfiltration",1.35,1,2,"Low","Infected"
796,"N171","V1;V3;V4","Insider Threat","Privilege Escalation",1.56,1,3,"Low","Infected"
797,"N032","V5;V9","Malware","Privilege Escalation",9.32,0,2,"Critical","Infected"
798,"N140","V1;V10;V3;V6","Insider Threat","Data Exfiltration",7.08,1,4,"High","Infected"
799,"N087","V10;V3;V8","Malware","Data Exfiltration",4.84,0,3,"Medium","Infected"
800,"N079","V2;V9","Malware","Privilege Escalation",6.21,0,2,"High","Infected"
801,"N156","V1;V10;V2;V6","Ransomware","Data Exfiltration",5.31,1,4,"Medium","Infected"
802,"N138","V1;V2","APT","Data Exfiltration",6.75,0,2,"High","Infected"
803,"N155","V4;V5;V6;V8","Malware","Data Exfiltration",3.67,0,4,"Medium","Infected"
804,"N073","V1;V10;V6;V7","Insider Threat","Privilege Escalation",3.15,1,4,"Medium","Infected"
805,"N187","V4","APT","Data Exfiltration",9.93,1,1,"Critical","Infected"
806,"N036","V3;V7;V9","Malware","Lateral Movement",2.16,1,3,"Low","Infected"
807,"N002","V10;V2;V7","APT","Data Exfiltration",9.15,1,3,"Critical","Infected"
808,"N182","V8;V9","Ransomware","Lateral Movement",1.94,1,2,"Low","Infected"
809,"N078","V1;V8;V9","Insider Threat","Privilege Escalation",5.64,1,3,"Medium","Infected"
810,"N040","V1;V10","Insider Threat","Privilege Escalation",9.56,1,2,"Critical","Infected"
811,"N107","V5","Ransomware","Privilege Escalation",9.08,0,1,"Critical","Infected"
812,"N196","V2","Insider Threat","Privilege Escalation",9.94,0,1,"Critical","Infected"
813,"N067","V10;V7;V8","APT","Data Exfiltration",8.2,1,3,"Critical","Infected"
814,"N042","V5","Malware","Lateral Movement",3.26,0,1,"Medium","Infected"
815,"N093","V1;V3;V5","APT","Data Exfiltration",9.13,1,3,"Critical","Infected"
816,"N075","V5","Malware","Data Exfiltration",2.02,0,1,"Low","Infected"
817,"N193","V10","Ransomware","Data Exfiltration",3.29,1,1,"Medium","Infected"
818,"N137","V2;V5;V6","Insider Threat","Lateral Movement",0.23,1,3,"Low","Infected"
819,"N042","V6;V7;V8","Malware","Lateral Movement",1.63,0,3,"Low","Infected"
820,"N137","V10;V9","Malware","Privilege Escalation",4.66,0,2,"Medium","Infected"
821,"N005","V3","APT","Privilege Escalation",3.18,1,1,"Medium","Infected"
822,"N196","V8;V9","Insider Threat","Lateral Movement",7.13,0,2,"High","Infected"
823,"N033","V4","Ransomware","Data Exfiltration",2.34,0,1,"Low","Infected"
824,"N109","V2;V3","Malware","Lateral Movement",0.29,1,2,"Low","Infected"
825,"N169","V1;V10;V2;V4","Malware","Privilege Escalation",1.28,1,4,"Low","Infected"
826,"N078","V2","Malware","Lateral Movement",7.85,0,1,"High","Infected"
827,"N008","V3;V6","Malware","Lateral Movement",8.47,1,2,"Critical","Infected"
828,"N130","V3;V4;V6","Malware","Lateral Movement",8.21,0,3,"Critical","Infected"
829,"N044","V4;V5","Malware","Data Exfiltration",1.08,0,2,"Low","Infected"
830,"N028","V10;V3;V6;V8","Ransomware","Privilege Escalation",9.81,1,4,"Critical","Infected"
831,"N105","V4;V9","Malware","Privilege Escalation",1.32,0,2,"Low","Infected"
832,"N181","V6;V8","Insider Threat","Data Exfiltration",7.25,0,2,"High","Infected"
833,"N073","V2;V7;V8","APT","Data Exfiltration",7.39,1,3,"High","Infected"
834,"N075","V7;V9","APT","Lateral Movement",8.58,1,2,"Critical","Infected"
835,"N173","V1;V3;V8","Malware","Privilege Escalation",4.44,0,3,"Medium","Infected"
836,"N102","V3","APT","Data Exfiltration",5.95,0,1,"Medium","Infected"
837,"N051","V2;V6","Insider Threat","Lateral Movement",5.99,1,2,"Medium","Infected"
838,"N109","V4","APT","Privilege Escalation",7.67,1,1,"High","Infected"
839,"N131","V4;V6;V7;V8","Insider Threat","Lateral Movement",7.7,0,4,"High","Infected"
840,"N126","V5","APT","Lateral Movement",6.32,0,1,"High","Infected"
841,"N189","V2","Malware","Lateral Movement",5.03,0,1,"Medium","Infected"
842,"N040","V6;V7","Insider Threat","Data Exfiltration",6.27,0,2,"High","Infected"
843,"N128","V4;V5;V6;V8","APT","Data Exfiltration",2.69,1,4,"Low","Infected"
844,"N111","V1","Malware","Privilege Escalation",4.56,1,1,"Medium","Infected"
845,"N143","V1;V2;V8;V9","Insider Threat","Data Exfiltration",1.73,1,4,"Low","Infected"
846,"N125","V5;V7","Malware","Data Exfiltration",6.78,1,2,"High","Infected"
847,"N068","V1;V3;V4;V9","APT","Data Exfiltration",9.71,1,4,"Critical","Infected"
848,"N152","V1;V6;V9","Malware","Lateral Movement",8.39,1,3,"Critical","Infected"
849,"N098","V6","Malware","Privilege Escalation",3.52,1,1,"Medium","Infected"
850,"N061","V1;V2;V4;V6","Insider Threat","Data Exfiltration",0.94,0,4,"Low","Infected"
851,"N006","V2;V3;V6","Insider Threat","Lateral Movement",4.66,1,3,"Medium","Infected"
852,"N006","V1;V10;V5;V8","Insider Threat","Privilege Escalation",5.75,1,4,"Medium","Infected"
853,"N026","V8","Ransomware","Privilege Escalation",5.02,1,1,"Medium","Infected"
854,"N094","V10;V5","APT","Lateral Movement",5.02,0,2,"Medium","Infected"
855,"N013","V10;V5","Insider Threat","Data Exfiltration",4.08,0,2,"Medium","Infected"
856,"N025","V10","Insider Threat","Privilege Escalation",0.77,1,1,"Low","Infected"
857,"N078","V2;V4;V6;V9","Insider Threat","Privilege Escalation",6.67,1,4,"High","Infected"
858,"N065","V10;V7","APT","Data Exfiltration",7.66,0,2,"High","Infected"
859,"N048","V9","APT","Lateral Movement",6.64,1,1,"High","Infected"
860,"N134","V1;V7;V9","Ransomware","Privilege Escalation",4.68,0,3,"Medium","Infected"
861,"N106","V5;V7","Insider Threat","Lateral Movement",6.38,1,2,"High","Infected"
862,"N176","V10;V3;V5","Ransomware","Privilege Escalation",2.46,0,3,"Low","Infected"
863,"N080","V1;V4","APT","Privilege Escalation",5.64,1,2,"Medium","Infected"
864,"N035","V1;V3;V4;V8","Malware","Privilege Escalation",7.92,1,4,"High","Infected"
865,"N006","V1;V8","Malware","Lateral Movement",3.21,1,2,"Medium","Infected"
866,"N094","V7","Malware","Privilege Escalation",9.44,0,1,"Critical","Infected"
867,"N031","V2;V9","Insider Threat","Privilege Escalation",8.86,0,2,"Critical","Infected"
868,"N085","V6","APT","Data Exfiltration",7.47,1,1,"High","Infected"
869,"N045","V2;V3","Ransomware","Privilege Escalation",4.45,1,2,"Medium","Infected"
870,"N137","V8","Insider Threat","Data Exfiltration",9.49,1,1,"Critical","Infected"
871,"N038","V4;V5;V7;V8","Insider Threat","Privilege Escalation",7.19,1,4,"High","Infected"
872,"N009","V10","Malware","Data Exfiltration",9.18,0,1,"Critical","Infected"
873,"N164","V5;V7;V9","Insider Threat","Data Exfiltration",1.31,0,3,"Low","Infected"
874,"N078","V1;V10;V3;V7","Malware","Lateral Movement",3.04,0,4,"Medium","Infected"
875,"N021","V1;V3;V6;V7","APT","Privilege Escalation",7.4,1,4,"High","Infected"
876,"N017","V2;V3;V5;V8","Insider Threat","Privilege Escalation",6.06,1,4,"High","Infected"
877,"N114","V1;V10;V3;V6","Ransomware","Lateral Movement",4.07,1,4,"Medium","Infected"
878,"N041","V10;V2;V9","Ransomware","Data Exfiltration",7.16,0,3,"High","Infected"
879,"N189","V6;V7;V8;V9","Ransomware","Privilege Escalation",1.82,1,4,"Low","Infected"
880,"N095","V2;V4;V7","Ransomware","Privilege Escalation",8.78,0,3,"Critical","Infected"
881,"N143","V1","Ransomware","Lateral Movement",9.74,0,1,"Critical","Infected"
882,"N159","V1;V3;V7","APT","Data Exfiltration",2.68,0,3,"Low","Infected"
883,"N184","V1;V2;V3","APT","Privilege Escalation",8.29,1,3,"Critical","Infected"
884,"N183","V4","Ransomware","Lateral Movement",9.47,1,1,"Critical","Infected"
885,"N111","V3;V7;V8","Ransomware","Data Exfiltration",2.23,1,3,"Low","Infected"
886,"N105","V3;V7","Ransomware","Lateral Movement",2.97,1,2,"Low","Infected"
887,"N064","V10;V8","Insider Threat","Data Exfiltration",6.87,1,2,"High","Infected"
888,"N121","V1","Ransomware","Privilege Escalation",9.75,1,1,"Critical","Infected"
889,"N189","V10;V7","Insider Threat","Lateral Movement",1.04,0,2,"Low","Infected"
890,"N061","V6","APT","Privilege Escalation",9.97,0,1,"Critical","Infected"
891,"N130","V5","APT","Privilege Escalation",9.78,1,1,"Critical","Infected"
892,"N149","V1;V9","Ransomware","Privilege Escalation",1.78,1,2,"Low","Infected"
893,"N082","V2;V3;V8","APT","Lateral Movement",2.68,1,3,"Low","Infected"
894,"N128","V3","Insider Threat","Data Exfiltration",3.67,1,1,"Medium","Infected"
895,"N112","V10;V5;V6","Ransomware","Privilege Escalation",7.4,1,3,"High","Infected"
896,"N014","V8;V9","Ransomware","Lateral Movement",0.64,0,2,"Low","Infected"
897,"N067","V8","Ransomware","Data Exfiltration",4.72,0,1,"Medium","Infected"
898,"N144","V1;V6;V8;V9","APT","Privilege Escalation",4.98,0,4,"Medium","Infected"
899,"N024","V6","Ransomware","Privilege Escalation",1.89,0,1,"Low","Infected"
900,"N135","V1;V10;V4","Ransomware","Privilege Escalation",9.21,0,3,"Critical","Infected"
901,"N175","V1;V2;V3;V6","Malware","Privilege Escalation",3.8,0,4,"Medium","Infected"
902,"N118","V1;V2;V3","APT","Privilege Escalation",6.32,1,3,"High","Infected"
903,"N012","V6","APT","Privilege Escalation",9.48,0,1,"Critical","Infected"
904,"N083","V1;V5","Malware","Data Exfiltration",0.8,1,2,"Low","Infected"
905,"N066","V7","Ransomware","Lateral Movement",9.65,1,1,"Critical","Infected"
906,"N054","V1","Ransomware","Privilege Escalation",7.82,1,1,"High","Infected"
907,"N126","V2;V5","APT","Data Exfiltration",8.08,1,2,"Critical","Infected"
908,"N095","V2;V6","Ransomware","Privilege Escalation",4.51,1,2,"Medium","Infected"
909,"N109","V2;V5;V7;V9","Insider Threat","Data Exfiltration",1.94,1,4,"Low","Infected"
910,"N132","V1","Insider Threat","Privilege Escalation",6.8,0,1,"High","Infected"
911,"N120","V10;V2;V3;V9","APT","Lateral Movement",9.08,1,4,"Critical","Infected"
912,"N064","V10;V3;V5","APT","Privilege Escalation",5.73,0,3,"Medium","Infected"
913,"N028","V9","APT","Privilege Escalation",1.04,1,1,"Low","Infected"
914,"N030","V1;V2;V5","APT","Lateral Movement",7.88,1,3,"High","Infected"
915,"N107","V2","Insider Threat","Privilege Escalation",5.91,1,1,"Medium","Infected"
916,"N048","V10;V5;V6;V7","Ransomware","Lateral Movement",0.87,1,4,"Low","Infected"
917,"N137","V7","Malware","Lateral Movement",4.01,0,1,"Medium","Infected"
918,"N178","V10;V8","APT","Data Exfiltration",9.66,1,2,"Critical","Infected"
919,"N078","V10;V6;V7","Malware","Lateral Movement",1.44,0,3,"Low","Infected"
920,"N179","V1","Ransomware","Lateral Movement",2.17,0,1,"Low","Infected"
921,"N049","V7;V9","Malware","Privilege Escalation",7.72,0,2,"High","Infected"
922,"N040","V1;V2;V7;V8","APT","Privilege Escalation",4.77,1,4,"Medium","Infected"
923,"N146","V4;V5","APT","Lateral Movement",3.41,0,2,"Medium","Infected"
924,"N125","V1;V5;V7;V8","APT","Privilege Escalation",5.18,1,4,"Medium","Infected"
925,"N005","V1;V9","APT","Data Exfiltration",3.23,0,2,"Medium","Infected"
926,"N127","V2;V7;V8","Insider Threat","Privilege Escalation",7.01,0,3,"High","Infected"
927,"N121","V4;V5","Insider Threat","Privilege Escalation",2.4,0,2,"Low","Infected"
928,"N076","V10;V3;V8","APT","Privilege Escalation",8.35,1,3,"Critical","Infected"
929,"N192","V3;V4;V5;V6","Malware","Data Exfiltration",4.88,0,4,"Medium","Infected"
930,"N026","V3;V8","APT","Privilege Escalation",3.11,0,2,"Medium","Infected"
931,"N092","V1","Insider Threat","Privilege Escalation",6.8,0,1,"High","Infected"
932,"N087","V2","APT","Lateral Movement",6.21,0,1,"High","Infected"
933,"N088","V5;V8","Insider Threat","Lateral Movement",7.72,1,2,"High","Infected"
934,"N181","V2;V9","Malware","Privilege Escalation",8.01,0,2,"Critical","Infected"
935,"N157","V10","Malware","Data Exfiltration",0.52,0,1,"Low","Infected"
936,"N093","V2;V4","Ransomware","Data Exfiltration",2.99,1,2,"Low","Infected"
937,"N036","V2;V3;V6;V9","Malware","Lateral Movement",4.45,1,4,"Medium","Infected"
938,"N122","V4","Insider Threat","Privilege Escalation",5.1,0,1,"Medium","Infected"
939,"N162","V10;V6;V7","Ransomware","Lateral Movement",7.56,1,3,"High","Infected"
940,"N106","V3;V7","APT","Privilege Escalation",9.52,1,2,"Critical","Infected"
941,"N038","V8","Malware","Data Exfiltration",8.08,0,1,"Critical","Infected"
942,"N081","V6","APT","Lateral Movement",4.4,1,1,"Medium","Infected"
943,"N148","V3","Malware","Data Exfiltration",9.8,1,1,"Critical","Infected"
944,"N191","V5;V6;V7;V9","Insider Threat","Privilege Escalation",0.18,1,4,"Low","Infected"
945,"N165","V7;V8","Ransomware","Data Exfiltration",6.28,1,2,"High","Infected"
946,"N022","V4;V5;V7","Malware","Data Exfiltration",3.41,0,3,"Medium","Infected"
947,"N134","V2;V4;V5","Insider Threat","Data Exfiltration",1.68,0,3,"Low","Infected"
948,"N130","V4;V5;V7","Malware","Data Exfiltration",0.69,1,3,"Low","Infected"
949,"N013","V2;V6;V9","Malware","Privilege Escalation",3.05,0,3,"Medium","Infected"
950,"N077","V3;V4;V6;V9","Insider Threat","Data Exfiltration",7.87,0,4,"High","Infected"
951,"N133","V2;V3;V4;V9","Ransomware","Privilege Escalation",4.6,0,4,"Medium","Infected"
952,"N109","V1;V2;V7;V9","Ransomware","Privilege Escalation",2.23,0,4,"Low","Infected"
953,"N068","V10;V7;V9","APT","Data Exfiltration",4.29,1,3,"Medium","Infected"
954,"N033","V3;V5;V7;V9","APT","Data Exfiltration",4.63,0,4,"Medium","Infected"
955,"N009","V10;V8","Ransomware","Data Exfiltration",3.76,0,2,"Medium","Infected"
956,"N075","V10;V2;V5;V6","Malware","Data Exfiltration",1.62,1,4,"Low","Infected"
957,"N125","V5;V6;V9","Malware","Lateral Movement",1.51,1,3,"Low","Infected"
958,"N073","V5","Ransomware","Lateral Movement",8.21,1,1,"Critical","Infected"
959,"N141","V2","Insider Threat","Lateral Movement",8.72,1,1,"Critical","Infected"
960,"N097","V10;V3;V5;V8","APT","Data Exfiltration",8.35,0,4,"Critical","Infected"
961,"N195","V8;V9","APT","Data Exfiltration",4.55,1,2,"Medium","Infected"
962,"N171","V10","APT","Privilege Escalation",2.4,1,1,"Low","Infected"
963,"N189","V1;V8;V9","Insider Threat","Data Exfiltration",0.98,0,3,"Low","Infected"
964,"N162","V10","Insider Threat","Data Exfiltration",6.49,0,1,"High","Infected"
965,"N148","V10;V9","Malware","Data Exfiltration",5.27,1,2,"Medium","Infected"
966,"N169","V2","Ransomware","Lateral Movement",2.82,0,1,"Low","Infected"
967,"N022","V10;V8","Insider Threat","Privilege Escalation",5.93,1,2,"Medium","Infected"
968,"N112","V6","Ransomware","Privilege Escalation",0.34,1,1,"Low","Infected"
969,"N139","V1;V2;V5;V9","Ransomware","Privilege Escalation",1.53,1,4,"Low","Infected"
970,"N079","V3","APT","Data Exfiltration",1.77,1,1,"Low","Infected"
971,"N077","V1;V10","APT","Lateral Movement",3.27,1,2,"Medium","Infected"
972,"N014","V2;V5;V7","Ransomware","Lateral Movement",7.55,0,3,"High","Infected"
973,"N069","V1;V10;V7;V9","Malware","Privilege Escalation",4.7,1,4,"Medium","Infected"
974,"N008","V8","APT","Data Exfiltration",2.41,0,1,"Low","Infected"
975,"N196","V2;V4;V9","Ransomware","Privilege Escalation",5.73,1,3,"Medium","Infected"
976,"N053","V9","Ransomware","Privilege Escalation",5.45,0,1,"Medium","Infected"
977,"N143","V7;V9","APT","Lateral Movement",0.11,1,2,"Low","Infected"
978,"N124","V1;V3;V9","Insider Threat","Data Exfiltration",2.58,1,3,"Low","Infected"
979,"N012","V4;V5;V9","Ransomware","Data Exfiltration",5.39,0,3,"Medium","Infected"
980,"N036","V10;V2;V7","Insider Threat","Privilege Escalation",2.19,1,3,"Low","Infected"
981,"N063","V10;V5;V8","Insider Threat","Privilege Escalation",2.19,1,3,"Low","Infected"
982,"N166","V3","Malware","Data Exfiltration",4.82,0,1,"Medium","Infected"
983,"N179","V7;V9","APT","Privilege Escalation",5.43,0,2,"Medium","Infected"
984,"N173","V8","Malware","Privilege Escalation",9.72,1,1,"Critical","Infected"
985,"N032","V1;V3;V7","APT","Privilege Escalation",9.37,1,3,"Critical","Infected"
986,"N191","V4","Malware","Privilege Escalation",6.84,1,1,"High","Infected"
987,"N184","V2;V5","Ransomware","Lateral Movement",9.8,1,2,"Critical","Infected"
988,"N127","V5","Ransomware","Lateral Movement",2.04,1,1,"Low","Infected"
989,"N146","V5","APT","Lateral Movement",5.56,0,1,"Medium","Infected"
990,"N033","V10","Malware","Lateral Movement",2.67,0,1,"Low","Infected"
991,"N175","V1;V4;V5","APT","Lateral Movement",9.39,0,3,"Critical","Infected"
992,"N032","V10;V5;V7","APT","Privilege Escalation",3.68,0,3,"Medium","Infected"
993,"N108","V1;V5","APT","Privilege Escalation",0.15,0,2,"Low","Safe"
994,"N177","V1;V2;V4","APT","Lateral Movement",9.18,0,3,"Critical","Infected"
995,"N017","V5;V6","Malware","Lateral Movement",4.85,0,2,"Medium","Infected"
996,"N122","V2;V4;V5","Ransomware","Privilege Escalation",8.34,1,3,"Critical","Infected"
997,"N196","V2;V8","Malware","Data Exfiltration",4.52,0,2,"Medium","Infected"
998,"N009","V1","APT","Privilege Escalation",8.91,0,1,"Critical","Infected"
999,"N015","V1;V8","Insider Threat","Data Exfiltration",6.3,0,2,"High","Infected"
1000,"N144","V1","Malware","Privilege Escalation",8.51,1,1,"Critical","Infected"
